,position
0,2.563777979332255
1,0.7510000296614506
2,0.3207585513465355
3,0.5664770952373872
4,0.08983432969592134
5,0.5341675179900308
6,0.1525522789847512
7,0.20570430124329803
8,0.28640697670027687
9,0.19618896908970715
10,0.887726189510016
11,0.04466590201865085
12,0.5469208170493325
13,0.2862776709601392
14,0.18697030324748287
15,0.34294807421142853
16,0.03700363658958114
17,1.2371663960275305
18,1.1698647163130418
19,1.45631445391651
20,2.375254722394253
21,0.05127558307146955
22,0.07983145914154668
23,0.08711815811210605
24,0.0797039332617363
25,0.10154433099834129
26,0.10854433302682565
27,0.8135321312037236
28,0.054477609874490476
29,0.25809574474992686
30,0.7009950873359976
31,0.5691952679255728
32,1.081571231552194
33,0.04361150096433223
34,0.4326016323006597
35,2.481420144521975
36,2.709723919944857
37,0.5931560667190499
38,0.5495483008257509
39,0.706069652003843
40,2.6576343558898294
41,1.4576996073202422
42,0.4821499965273963
43,0.28142449254884905
44,1.6170616055889044
45,5.042875679811824
46,2.933189654726056
47,0.1110640419055958
48,1.989176352055175
49,0.29163902846660383
50,0.4203715838667164
51,0.6311462246595434
52,1.1201550711754469
53,0.16943936805792156
54,0.11476732060967107
55,1.2359558541838875
56,0.9219424165366257
57,0.16054309195752087
58,0.16882681261723587
59,0.49748775636456805
60,0.3205221379244514
61,0.07948940567359206
62,0.8239681165827225
63,1.8180389360447105
64,2.9339662385064083
65,0.8925321786051221
66,1.321181338420892
67,0.005667342241400478
68,1.2852081253090086
69,0.21468803609879553
70,1.5347374657723483
71,0.7542438867910602
72,0.9253227141920481
73,0.015886101668443675
74,0.11524936381095742
75,0.3943636257021722
76,0.15807811060946375
77,0.8725862770077227
78,0.5357223716718101
79,1.5631602378665874
80,5.905595643318076
81,0.9774141431883392
82,2.4914165790165197
83,0.9508412280133088
84,1.4103731288617443
85,0.7231034713165388
86,1.9511260320859438
87,0.20268418084908443
88,0.20725574052437085
89,0.5152277319180755
90,0.8625118666627033
91,0.19396623273667654
92,1.2778887799190162
93,0.4823289826379498
94,1.3838749090674476
95,2.257786902774269
96,1.419780016055455
97,0.11105250771008843
98,0.2673224354835232
99,0.5284821064368753
100,3.5872042716178383
101,3.065772981681995
102,0.8243425816945604
103,0.2891077029248474
104,0.9682597919422438
105,0.25333045402764176
106,1.3030693811551604
107,0.8606234647245568
108,0.6146035684979142
109,1.4627706874665847
110,1.0645595620492354
111,2.3117299054996563
112,2.8570720779802583
113,1.0622605042281004
114,1.4895458765368328
115,1.7662382681150621
116,0.004183321913004745
117,1.9824766488365069
118,0.1870028099543827
119,1.9450485168493508
120,0.8050042660516455
121,0.6046036907149577
122,0.24179032822463623
123,1.4180876558410418
124,1.879384188872144
125,0.24080095254629252
126,0.3342578924757575
127,0.18225275036445435
128,1.107400622182965
129,1.9536384339179131
130,1.080545720513445
131,1.529438415758728
132,1.5959864125044625
133,1.776573612250917
134,0.6021776413625597
135,0.4097209653652368
136,0.37470373205636665
137,0.560134917174555
138,0.8096803180176838
139,0.6704726472150336
140,0.1896186001811812
141,0.6543053261036492
142,0.2015514606678961
143,1.0512670329106335
144,0.1581972991030558
145,2.4212868617243686
146,0.6049025360412524
147,0.7186585257139445
148,0.23597862085750806
149,3.884296325336047
150,3.004514441595121
151,3.2222015390502725
152,0.05395688808747384
153,1.2787132602453022
154,2.011775616996483
155,1.642855400656603
156,0.366732990665411
157,1.1616185091881044
158,0.418336708291074
159,0.20429157667211884
160,1.4250070234323482
161,1.4689859837676602
162,1.4879284884401183
163,0.49128169622341544
164,0.7287636842550851
165,2.28273277429297
166,0.9359530802019629
167,0.9416188732125725
168,1.4802614213427523
169,0.8621010024666871
170,0.16903884142617884
171,0.4370536917921235
172,0.12304021251766338
173,2.7523014396567658
174,1.1077684951239983
175,2.277264149784437
176,0.03950196617698459
177,0.018087218937514568
178,0.7044524577380429
179,0.83083553010503
180,1.7305701589699478
181,0.174723280247982
182,1.0505236085368714
183,0.024432240114356477
184,0.6117843516001007
185,0.12666077208841972
186,0.46545157443151314
187,1.8870783657982566
188,0.508088743246558
189,0.5669611774449956
190,0.39615404079947075
191,0.3216151663429301
192,0.5243597169953917
193,0.058293717253699945
194,0.2514576948635383
195,0.21639840774633362
196,1.1404274068630453
197,0.29950611883525546
198,0.33038316983584487
199,0.16155644497044994
200,1.4060724268698357
201,0.4934153747340533
202,0.479297855310499
203,1.8513790621943014
204,0.36963653971863464
205,2.163222774406194
206,0.5911054902685815
207,1.5164583739544355
208,1.6970664473326174
209,0.1198614469570749
210,1.101115814872266
211,0.8265152496686476
212,0.5102143357047537
213,0.6778271999165968
214,0.35625690232004664
215,0.6851964952768097
216,0.9217446522164228
217,2.0214747504418935
218,0.5951935357567252
219,0.20936081793214023
220,1.7018095022413684
221,0.13560635585372988
222,0.17807071737266905
223,3.064281657185022
224,0.8169948060282206
225,0.9462847755013746
226,0.4826014229665829
227,0.6813556336862665
228,0.14769904511956022
229,0.19498114159815413
230,0.30089683784822185
231,1.4663642354177815
232,0.3651041427563383
233,0.6301157285870774
234,0.6970710297326177
235,0.8236934655527124
236,0.601206400907735
237,0.5315067494490103
238,1.3236150635394959
239,1.8407981787052692
240,1.1141806390752578
241,1.5455309173110772
242,0.761987295778543
243,3.7136497496127796
244,0.7128771207696856
245,1.3502454470358547
246,1.2547498020809107
247,1.5117683518896694
248,2.2827728518567567
249,1.4602174765793583
250,0.10614895814727827
251,1.5749509552075491
252,1.7486355467232308
253,3.484223310912626
254,0.2319012126303629
255,1.3108994281618322
256,0.30699708545386006
257,0.04249646418573862
258,3.236528113331565
259,0.05555767555038721
260,0.00815507511025566
261,1.6749294614966965
262,0.19022973713349728
263,0.3055111891981068
264,0.7498626263021193
265,0.19790285089557436
266,0.6344822526161212
267,0.5583232346777618
268,1.6507968893615665
269,0.13266346332274287
270,1.9972694147758296
271,0.25392240037859976
272,0.22583294150290564
273,1.2409801004896226
274,0.08376299261679032
275,0.21237061727126816
276,0.7691849568974661
277,1.1490863480336904
278,0.41023662530777827
279,0.6633138534397571
280,0.018453648667512146
281,0.14684948945468967
282,1.802084651252877
283,1.2152865835199196
284,0.18566575996301105
285,1.8061052938216937
286,2.8595830113244696
287,0.19507706846346762
288,1.9407493580835957
289,0.14917278410751006
290,0.6454350443349296
291,0.09551808099876744
292,0.1999881580561207
293,0.7802277416555862
294,1.217567263695013
295,1.2448608919432227
296,0.5504599831661974
297,0.06701683658692184
298,1.2830508255310324
299,1.3307784784393688
300,1.1252436673736141
301,2.7635824405082063
302,1.0959778470963875
303,0.10932289878072209
304,0.31546263030741856
305,2.8453271572574614
306,0.8018243257282704
307,0.26924068210129604
308,1.8397350185482804
309,2.050118948677254
310,0.11656946168663015
311,1.068360439157648
312,0.42374089190626907
313,2.9833783998759014
314,0.8530951807853578
315,0.7973868553392781
316,3.9481477986701994
317,3.1297428942724688
318,1.4332990589191508
319,0.41925990989192063
320,1.944615192746081
321,1.2831591213452034
322,0.2919396418384528
323,1.516076922663721
324,1.9575396791171817
325,3.955996662748232
326,0.5956380456534947
327,0.766474251323292
328,1.6464999199662074
329,1.3638951414074147
330,1.199566884903756
331,1.178910236388492
332,0.5849503091602656
333,1.15964701161838
334,0.1471595978423998
335,0.4489414310552909
336,1.1558510977682652
337,1.1838283956712645
338,0.7751411658849564
339,0.7638139974443717
340,2.361634015386462
341,0.3673528969857024
342,1.7948023326000535
343,0.19578914962030414
344,0.045907960952150884
345,0.6958281606412153
346,1.9438725576575455
347,1.281529614953989
348,0.29845833773257724
349,0.5545721858964991
350,0.17824250002526326
351,1.0921350054915018
352,0.8296325086821152
353,0.5201876935271514
354,3.296913378121131
355,1.3126298050028702
356,0.1494672778315846
357,0.1880179699647751
358,3.3389390432824557
359,2.8040188961534858
360,0.23171190924372856
361,5.756064559904615
362,0.06340928388845612
363,1.9463102662134901
364,0.18548145790203058
365,1.1580320105144806
366,1.683970206345856
367,0.18625729373507244
368,0.18131538060857075
369,2.452198001663815
370,2.308636254377831
371,1.3992273243202693
372,1.0407267979060524
373,0.32217023535755196
374,1.0321796777185026
375,0.4507202404175039
376,0.44916400927203476
377,0.5778636476389724
378,2.189165795216871
379,1.10345949754721
380,0.10003737688830289
381,0.10818477382685543
382,0.2156032095362072
383,0.07754725131150036
384,1.8193908062258035
385,0.6453316445653785
386,0.7558158338751046
387,2.5898432777829705
388,0.2135083466602004
389,0.9523437647602212
390,0.494733583648603
391,0.06964096238564202
392,1.3100046301510628
393,0.1376475013624392
394,1.4711808739105567
395,0.4851563151030971
396,1.6106852083553589
397,0.4859608681837346
398,0.23743196768097485
399,0.32597173982762906
400,0.6328212489466395
401,1.448194446603776
402,0.822504294144204
403,0.37200090280207726
404,2.074706000636524
405,0.1578421716681622
406,1.7416540499908668
407,1.665415194273746
408,0.6290100033313148
409,0.2069717926028646
410,0.40286976217108467
411,0.08147919188520408
412,0.22837793641826767
413,0.23656950738603
414,0.14730303507550196
415,0.9830058863712159
416,3.596158112627646
417,1.5155145309529467
418,0.8721293683624514
419,0.026983837440446523
420,0.30773590926539285
421,1.7993448933684053
422,2.1155988670471175
423,0.5112971051446373
424,0.2505135197462096
425,0.993050663452173
426,5.126108714027913
427,1.5653281508836472
428,0.03688106659056667
429,0.6372388488093305
430,0.10895746119431454
431,0.5797539830681309
432,2.027548610207099
433,0.20305401055139743
434,0.0625253056444932
435,3.2089275939099062
436,3.370274637440225
437,0.42829581607219963
438,2.116663417403557
439,0.108943454795567
440,0.5214521308606969
441,0.19626328225322753
442,0.6440281920521664
443,1.4689948855636619
444,0.6009108533543384
445,1.501772640596442
446,0.9302208191907443
447,0.06306458766644925
448,0.9992171822874716
449,0.6114371707499026
450,1.1410286145287734
451,0.9887981785924308
452,1.9920879030125238
453,0.05278570017641472
454,2.4255880927085616
455,1.4928903873332944
456,2.5316186946096093
457,4.442017124757915
458,2.766900425127545
459,0.6371467665790035
460,1.3473497317650531
461,0.2687482681676822
462,0.5814507141926915
463,0.7123263327268085
464,0.11754065515231918
465,3.1774971235089553
466,1.083732815900358
467,0.19451522999165383
468,0.48045068308750194
469,1.0015062513741348
470,0.5912554678694406
471,1.235441734656107
472,0.14911848015217313
473,0.753464355964889
474,0.9346080374206762
475,0.4659726011013984
476,0.7992144475435278
477,0.2582967317139015
478,0.34264989976006643
479,0.408096143635063
480,1.3914151058937183
481,0.3203698131832252
482,0.5717182966512548
483,2.4905314553144238
484,0.015720492243690473
485,1.5893618185527865
486,1.540857251020938
487,0.45172576204213055
488,3.4962675092088418
489,0.8214909046342118
490,1.2367881555151468
491,0.6253098493048801
492,0.9515373494799783
493,1.713594353190374
494,2.143343957066484
495,1.1608496744945604
496,0.1307587599300867
497,0.075252448544255
498,0.466837583674475
499,1.81988895587036
500,4.781239883176482
501,0.033323036892022526
502,0.012007236838444353
503,0.20426288477463342
504,0.9738022439511048
505,0.42241863957793796
506,0.5720738178712426
507,0.9248125177491405
508,1.2578494077250857
509,0.3656335972319412
510,0.45506645981618304
511,2.2059260621927352
512,0.04795219159645897
513,1.4101008018496062
514,0.30226390013248866
515,2.417894347768009
516,1.3675721312069087
517,1.647525600705779
518,0.4062340039456008
519,0.05562577149019487
520,1.7454442847133447
521,0.15810460876039412
522,0.07244011746847043
523,0.052932621596287054
524,0.4351039380578398
525,1.2857678634749525
526,1.1906959062278324
527,1.900861414377515
528,0.07641937972940156
529,1.1196189191367487
530,2.3474787062735993
531,0.19440231895346582
532,0.5056140120850544
533,2.4297996526104253
534,2.3561363868096623
535,0.6177159733307628
536,3.266366273354295
537,1.29541828587751
538,0.4352999434699119
539,0.7304268506866121
540,2.1729799297977346
541,1.50458321953993
542,0.7305550819561023
543,0.8384908534409207
544,0.19275888702972271
545,0.3260629914484833
546,1.6438668681460697
547,0.5204112563155716
548,0.6389676158166495
549,0.10447584177340255
550,2.1360685585288963
551,0.7212803500316841
552,2.006037574209026
553,0.9530570262669382
554,0.20339015681867684
555,1.921430004214329
556,1.6731883032865371
557,2.4554918007548547
558,1.9493889079456805
559,0.7842980194298086
560,0.6324075567361939
561,0.08139535402491799
562,0.0052397078457615195
563,1.6938477132804497
564,0.8909584503002805
565,1.1343187878982013
566,0.0758923144483808
567,0.16410069062518973
568,0.10271311294674942
569,0.6728751517870505
570,2.391662853737599
571,1.2311281195390376
572,1.9853609962808676
573,0.345749642142237
574,0.11505737221312833
575,0.8191190097319213
576,1.2426176432268305
577,0.02675922212520858
578,2.8946133018493145
579,0.5937357263276422
580,1.6917168293327318
581,0.15113483577747938
582,0.848970802148897
583,0.0015047919678611923
584,1.6701033184805945
585,1.4775925190133605
586,0.5662472434895875
587,0.35663063193273836
588,1.84566486996006
589,0.3125054819182947
590,0.015456579342848109
591,0.8548814947623964
592,0.08148644176839609
593,0.9589922043185743
594,0.33920148504701153
595,0.09054923739342176
596,0.7722354708970216
597,0.25138124732080896
598,0.477574954895911
599,0.1669212901270346
600,1.3475865447689364
601,0.500017227067173
602,1.277098650680464
603,1.5276536009839383
604,0.19727387332708862
605,1.0551493784580532
606,0.13015860134626883
607,2.3768510659527045
608,2.0253975079480617
609,0.06419491485565804
610,0.49547494948285253
611,0.012001714028635327
612,0.8679805184237036
613,0.7003571782221021
614,1.2106179917956263
615,0.5666075466661464
616,2.1536990793003605
617,0.7423053410076661
618,0.07174650419451542
619,0.025015317060471803
620,0.48952013110125814
621,1.9089904294413758
622,0.22429479988857473
623,0.31133594242011775
624,0.13191632139494844
625,0.36617103323837336
626,0.6398086063146521
627,2.0684711586696958
628,1.7521587386034534
629,0.7638969744954729
630,0.2859054141700308
631,0.8879677023093848
632,0.05148108718041869
633,0.06862114100204195
634,1.1299801447775912
635,0.13891017143888063
636,0.2691986782366147
637,0.31213942515400794
638,0.6501210375591253
639,0.36586575314836034
640,2.4440892703035675
641,4.589863966622299
642,2.8984286766899885
643,0.2285343702364677
644,0.9133248789067003
645,1.800892147486916
646,0.810162384054088
647,0.13809387997867562
648,0.8899499961367863
649,1.5333597747943593
650,0.3373706166696415
651,0.200589219678522
652,0.5901103740945808
653,1.0711486351384172
654,0.8549739841579375
655,0.7534707320659381
656,0.18614535948109373
657,1.0344757656979124
658,0.7084931957001985
659,1.011358957979406
660,0.02069180218948881
661,0.7866663184855025
662,1.3244137938702814
663,0.3000527916114045
664,0.22603793154845475
665,1.0239910577570739
666,0.04724987479783645
667,0.5705357407260332
668,0.05784361986313505
669,2.0666918332082083
670,0.4215992782208293
671,0.12260751229075072
672,0.2903308211099228
673,2.8189763112975466
674,0.5071125088260099
675,0.6803233286523936
676,2.2325448335784905
677,0.20166065545849576
678,0.4051297723954065
679,1.2818172658377902
680,0.6110332417139417
681,0.9476630986473381
682,1.0903564743772298
683,1.0987475106619775
684,0.5084949331308402
685,0.6546030520032874
686,0.9783125262459811
687,0.48243348953122656
688,0.15123934623299898
689,0.6757333186169703
690,0.1982001060321731
691,1.1275624214345732
692,2.444859908494553
693,0.04911558986433637
694,0.6025263952427897
695,1.2308601939805526
696,0.10609953174272374
697,1.355141319679671
698,0.3499924569519892
699,0.8970129984894211
700,2.206578753894768
701,0.4002901346558406
702,2.0559422456850123
703,0.09848230553129672
704,0.8336813123884558
705,0.4109700643019637
706,0.247823878525071
707,0.6200088050428032
708,2.8801113329891552
709,2.466160579972248
710,0.04933601098008551
711,0.16429206405117264
712,0.7785727648321575
713,2.638912968793846
714,4.588634310806597
715,1.7135396856077514
716,0.3438934910888818
717,0.5462351996170678
718,0.09149577400174377
719,0.6756951661219215
720,0.8139228158252247
721,1.9664155325807011
722,1.228924682428505
723,0.21531385703676229
724,0.1342753779168264
725,2.221420888937452
726,0.2672823640360726
727,1.4302010048129528
728,0.02504057657935125
729,0.37318651066543007
730,0.7262406822107133
731,0.5087696666671362
732,1.2140611000226873
733,1.5690572737936082
734,1.3225654213235867
735,3.7348910230992316
736,1.1855143699127748
737,1.1321268180573378
738,0.41555143289444285
739,0.29616823096208605
740,2.2321993515585508
741,1.3132258731959776
742,1.187758925550066
743,0.764736764728498
744,5.763425229886352
745,0.6287192587465263
746,0.2290020308312578
747,0.9097644609889624
748,0.9302017065808521
749,0.6396150135033787
750,0.850021279021538
751,0.6345547533981697
752,0.7119524189800632
753,0.10260662696241368
754,0.07558423939929887
755,0.10862028018114397
756,2.9954054891695874
757,0.43775129868193113
758,0.5745274900120483
759,0.7245078972715122
760,0.19235460748781252
761,1.1363925598753348
762,2.6025924363804114
763,0.7175038373651713
764,0.6494258698776003
765,0.43402077644096454
766,0.5035485246977562
767,1.6959797924466722
768,0.5558093330990597
769,2.4345577067577757
770,1.8809044752463
771,0.4200438494580875
772,0.5834419981206841
773,2.4675367335207126
774,1.3830616870475794
775,1.752897425142328
776,0.1432265443373037
777,0.15419327078240405
778,2.2765243318206303
779,0.35603925645905554
780,1.066481635881919
781,0.18282548484070357
782,0.7207355961046796
783,0.4647793531913228
784,1.1479646231681968
785,2.075540545542656
786,0.03409131088579953
787,0.6763226211516842
788,2.4615113715092063
789,1.4480833274835079
790,0.26442498275154724
791,0.5867448907524213
792,0.9124345005863501
793,0.17421313805072353
794,1.0381551482406497
795,1.9588692237120682
796,4.60024872594243
797,0.5195158479462344
798,0.6843709821246291
799,0.13171743812176898
800,0.840155910833076
801,0.21469490857575455
802,0.4140958198789011
803,0.47222706858741237
804,1.8591626105062558
805,1.5025707718438412
806,1.8138391477590377
807,0.3284982450963396
808,0.7049000297241012
809,1.3401765608684866
810,0.6523639663586944
811,0.3818477909715856
812,0.9332714398788918
813,0.1962044268335525
814,0.4185490713595262
815,0.6784162004374824
816,0.11113826553972574
817,0.29128331044144384
818,0.07770699811585213
819,1.1264429113090257
820,1.9016577682164697
821,1.2517205516798715
822,0.013415559905210346
823,1.5064977129421453
824,0.2655431669835357
825,2.663955096909314
826,1.3168943371637647
827,0.45204087373817653
828,0.09045499709522159
829,0.1632081308078867
830,0.5686473371321638
831,2.227974001773852
832,1.5964242940809041
833,0.09057126997342375
834,0.5788380041184169
835,2.8016226999090548
836,2.2339550850904057
837,0.08193878571011036
838,0.048267161111294685
839,0.4832462118430491
840,0.21586325269785686
841,0.25903927901881796
842,1.5693742852055748
843,0.2868108016378609
844,3.336449727440614
845,1.9721597132687634
846,0.1810806304803183
847,0.06195627148914378
848,1.3405656894969942
849,0.14994723467012788
850,0.6489183098902638
851,2.4051287900314793
852,0.5546683038173857
853,0.6005093170511204
854,1.7927596881313983
855,0.5607852320748608
856,0.35485430312959143
857,3.108222889065766
858,0.3390022610980874
859,2.19847829086865
860,0.05385784468036456
861,0.039857596897508694
862,3.168431736493427
863,6.466256817041734
864,2.908156589909699
865,0.011105399136863314
866,0.22853142832456408
867,2.687881436772521
868,1.9880126142471553
869,1.3750039782610881
870,0.10944080749922237
871,1.2203045418891052
872,4.364366300105247
873,1.444093086574864
874,1.1243077600101865
875,0.9864825025930524
876,0.24203871258126905
877,0.4123904551771088
878,0.6499312208652229
879,0.8799952535743562
880,0.19820207017636196
881,1.6382603719353128
882,0.1380018087739423
883,0.9629615929539365
884,0.5609618182437758
885,0.07945325715943866
886,1.2438508220318678
887,0.26914654814159134
888,0.3535435431691185
889,0.5155945302003337
890,1.0016665172107966
891,0.4943493638147921
892,0.7843022022191305
893,0.9941515721370912
894,0.8080253208463696
895,1.2486897693852788
896,0.34606842947708993
897,0.16914249563936273
898,1.7628669149165224
899,2.7365247697560355
900,0.7654862994957893
901,0.8330731447855421
902,0.021303653650156948
903,0.8342085956309054
904,1.7828302581213251
905,0.7232481835550777
906,1.3759941057010323
907,1.7448150444834407
908,1.2516252076974215
909,0.006338983431359281
910,1.6075890831763728
911,0.5467819212992171
912,0.24491215154981394
913,0.24849447670905245
914,2.693597853490499
915,0.3871659228378184
916,0.5647948383907468
917,1.1480138429620874
918,1.09536393879846
919,0.4669359579175669
920,0.09419386726907036
921,0.7200727124772203
922,0.17917257807784281
923,0.669173154509073
924,0.11692621519137578
925,0.4568566564265565
926,0.7899180686932177
927,1.7563743298108512
928,4.078318334762365
929,0.43137006327577954
930,0.5129378383644716
931,2.4710080452357004
932,2.078492993128275
933,0.3603875157741634
934,1.0319997144522088
935,0.8248084053947039
936,0.15702743526228463
937,0.06347816692896446
938,1.6444790937460627
939,0.6426267795468473
940,1.8586691207186026
941,2.9039633238535933
942,2.2722808601783995
943,1.4502200448902598
944,0.858331568960592
945,0.6814298518248006
946,3.5099628282861772
947,0.20132082182457758
948,0.058071779764623126
949,0.5828202198781912
950,3.1081659251900304
951,2.1145094461468004
952,0.00473258819060185
953,0.36156982042659164
954,0.3782045171334805
955,0.19679637825696283
956,0.7428694856691826
957,0.5532939554633495
958,0.14449365219442403
959,0.14082527803821193
960,0.45220597039085364
961,0.05337252696870646
962,0.11037950468047135
963,0.7479235707312479
964,3.825086376560356
965,1.6542813977088362
966,0.0933336406150031
967,0.4245389436967496
968,0.14092845828768974
969,0.1277138084996598
970,0.4186256933294035
971,1.0622268417531928
972,0.42156811815037515
973,0.6478253833262084
974,1.2383817567286275
975,0.4672652941362655
976,0.10310774898807383
977,0.9515954172951242
978,0.3487276714060546
979,0.4797858276643642
980,1.4387716529579306
981,2.7275625012653544
982,0.6154527101290013
983,0.04597789021069132
984,0.3423237053550811
985,0.0458598255810761
986,0.017257877626242098
987,0.11692705634555056
988,0.41463993259557275
989,1.7334878975350057
990,0.13038024146171048
991,1.5447430430321598
992,0.04052147651072773
993,0.17422035419415333
994,0.11835185664622141
995,0.6290546932483398
996,0.27105210185656703
997,0.5040036076975992
998,0.3891976609818207
999,1.1493368007451774
1000,0.20412520187066585
1001,0.5632230719564459
1002,1.5725271544456896
1003,1.608227511534384
1004,0.007188608291098332
1005,0.5270600985377321
1006,1.4631891480595547
1007,1.189995943544708
1008,0.005890422955715582
1009,0.6649571348514548
1010,2.2758856116139246
1011,1.3406764244449714
1012,1.3112017836528502
1013,0.23255452775866442
1014,2.891797948349229
1015,0.9232961495024542
1016,2.1282515505005204
1017,0.8331637653019806
1018,0.2995407572822256
1019,0.19944819600485506
1020,0.3524704946195971
1021,11.992453675286525
1022,1.0982160648156862
1023,0.8502213221819597
1024,1.6672949099232828
1025,1.0628484336975916
1026,0.28441318098818874
1027,1.2428728206275117
1028,0.2788826155605043
1029,0.23223835073055912
1030,0.4447675479354425
1031,2.3911737836129148
1032,0.30329324492303
1033,1.5554196472706967
1034,2.439217840896588
1035,0.4089780921950379
1036,0.6998545080127203
1037,2.092940363312435
1038,0.39793793785306375
1039,0.12051622933779617
1040,0.9099674752346154
1041,0.21055787476560928
1042,0.6967653902321345
1043,0.7152370559779365
1044,0.735978160056261
1045,0.12999161109561574
1046,0.09401855819194722
1047,0.38875388581926174
1048,0.09284512904421714
1049,0.18305817825627257
1050,0.011133519074851467
1051,1.3618426533873524
1052,0.20882320367127266
1053,0.22653977284951515
1054,0.15805752592403977
1055,0.8490565822582418
1056,0.26691191695821037
1057,0.17540499344053162
1058,0.936983887350129
1059,0.6905094982431279
1060,2.96785693851911
1061,1.0691194356498628
1062,1.6883608883561045
1063,0.41705035146586994
1064,0.5416590928349555
1065,0.6673906622132584
1066,1.7484363848339826
1067,1.1905766904740012
1068,0.9181838607454289
1069,0.5803445805172939
1070,3.753477425489625
1071,1.7598905052463958
1072,1.230322061134093
1073,0.7385836764267749
1074,0.021471736523793788
1075,0.13717601399953405
1076,0.5136288235914183
1077,1.0399759944804172
1078,1.3452475344219237
1079,0.062119419085093025
1080,0.38533067618213135
1081,0.1644173435695289
1082,0.6203132765793509
1083,0.3240496896177024
1084,0.11402762830295046
1085,2.093406852699489
1086,1.4994785705420932
1087,0.09980902068231719
1088,0.4187103446676927
1089,0.367596039252694
1090,1.5730001581364108
1091,0.49118080668476916
1092,1.2584525059949676
1093,0.8970884712737025
1094,1.85463233287674
1095,0.26294701666718784
1096,2.1826318649832404
1097,1.8966222936484873
1098,0.37843991543793315
1099,1.7869190260335566
1100,2.0209865447189426
1101,1.4946745486433566
1102,1.389188701821902
1103,0.20363263657112785
1104,0.13947446294270127
1105,0.4932739707415842
1106,1.1723714559246141
1107,0.7161728597516417
1108,0.14197290163647414
1109,0.7962980611480195
1110,0.10744333883645904
1111,2.3682533687162803
1112,2.6869792767934535
1113,0.920780445186309
1114,1.7885006219661057
1115,0.02186045667080365
1116,4.167654013309303
1117,0.6632771207772776
1118,0.3125314438262351
1119,1.3563513997745662
1120,0.08277087927427212
1121,0.8708308651410749
1122,1.8662849493109979
1123,3.718035786769594
1124,0.007102718621058653
1125,1.5811863811154108
1126,1.1240826883463306
1127,0.5604879446249946
1128,0.4300456754387396
1129,3.028793419418243
1130,0.15615935759911898
1131,0.03844052405247672
1132,0.5989074355201334
1133,0.22715025178594284
1134,0.28592106270587847
1135,1.7243607755675707
1136,0.8984630343693621
1137,0.15582803887336216
1138,0.6980778565221423
1139,0.24574574667084853
1140,0.15483353316805326
1141,2.3628259103534637
1142,0.7464736164521543
1143,1.3660340476205786
1144,0.23611222749963934
1145,0.41943356543839
1146,4.584388102813625
1147,1.1676586986316397
1148,0.15152245614888704
1149,3.400247217849973
1150,0.34360249782973934
1151,0.1883144113787958
1152,1.5673111958769437
1153,0.2227914773435588
1154,0.3782131568618401
1155,1.0429765935937885
1156,0.5971315639936797
1157,0.16374018161484893
1158,0.5498738690505979
1159,0.13076846438591097
1160,0.8230497616189059
1161,0.1444056728549805
1162,0.47659239378400275
1163,0.45266201100651776
1164,1.6861960676656536
1165,1.0216468407870194
1166,0.6347647546460045
1167,0.11048713058556896
1168,0.8323062314512705
1169,2.079102866875235
1170,1.9235387328032683
1171,0.32439188078860215
1172,2.2922289587928506
1173,3.998697434043513
1174,0.4117584321613838
1175,1.7391305922519584
1176,0.2996101838436063
1177,0.9530852342282607
1178,0.28214160196803056
1179,3.226584379631593
1180,0.5143492725492862
1181,0.46414262351403335
1182,0.33181298453219527
1183,0.8645938455708349
1184,0.37911598713069794
1185,0.11115136148668817
1186,0.7478257873389177
1187,0.6722610889011587
1188,0.7592725732109671
1189,0.2696099749352111
1190,0.44562739524429357
1191,0.5451013161778522
1192,2.959009007481737
1193,1.1150827303043844
1194,0.05071691505251161
1195,1.647806717401064
1196,0.5426751015538662
1197,0.07319116426346699
1198,0.02744473675448078
1199,0.9832304954489951
1200,0.0001900971698156756
1201,0.030674760355863723
1202,1.5685768091686323
1203,0.2966100954661378
1204,2.3197925645112663
1205,0.9733050054389962
1206,0.3003671485990617
1207,2.7651945392377124
1208,0.199825092988927
1209,1.259489039984887
1210,0.8098169562944659
1211,0.6573015930141797
1212,1.94145360202047
1213,0.2207380815332304
1214,0.9015829546593572
1215,0.035027681121222426
1216,1.0341574658904351
1217,3.2896832826622693
1218,1.670448496665128
1219,0.1753908144967215
1220,2.4011963907812226
1221,0.5465332848610411
1222,0.2939771285231986
1223,0.6759421738094823
1224,0.07132148700429126
1225,0.9485823923963932
1226,1.7791048280099107
1227,0.2086963093310322
1228,0.012121972737542175
1229,0.4582735324004893
1230,1.3616815649079184
1231,0.34395398901998325
1232,0.6636089242331876
1233,1.817512453284803
1234,1.3126367618619696
1235,0.7461111376720688
1236,2.0498648944164337
1237,1.2942806287377289
1238,0.10236490650287827
1239,0.3337936140367734
1240,0.09190392825075629
1241,0.6687593107341927
1242,0.1544977173259877
1243,0.08194412201094922
1244,0.8494538379855704
1245,1.131458793753419
1246,1.0576262435762955
1247,1.0222196630105538
1248,0.1246176203470826
1249,0.11976902419520982
1250,0.025450457304807703
1251,0.11281796720312451
1252,0.18251551819513068
1253,1.416520861018578
1254,0.5688273589488566
1255,1.55020416049593
1256,5.3495406111288935
1257,0.8542427929186833
1258,0.43502086221759484
1259,0.036758564881106855
1260,1.2776902998833994
1261,0.14303022916067998
1262,1.3086867527943036
1263,4.856698771649257
1264,0.8672696627403939
1265,0.6080582149920031
1266,1.417097558767712
1267,1.7780525405484173
1268,0.19651680839386182
1269,0.7629711043158168
1270,1.0211651926524437
1271,2.3150595588147582
1272,0.5448923200985634
1273,1.5394301117825426
1274,0.7548737090221955
1275,2.6404529096941554
1276,1.759021812026393
1277,1.8144312965159044
1278,0.03697006057594179
1279,1.453753778687829
1280,0.038564147026577726
1281,3.497118184080711
1282,3.9490651880832823
1283,1.4347455964073583
1284,0.3708809636437026
1285,0.02312808183902662
1286,1.4381773518007295
1287,0.5344333262627766
1288,5.8383813411049275
1289,0.43724277943069745
1290,0.4799048005873995
1291,0.38709741438171114
1292,1.8902976161514444
1293,0.9767954314564622
1294,0.6032347991022895
1295,0.1327147913267819
1296,0.19308957365846094
1297,0.38456992954557245
1298,1.8817902723640352
1299,0.07585758056032187
1300,0.18363309807603653
1301,3.0840031895263538
1302,2.5295379737546386
1303,0.45662606294203806
1304,0.6941398668898571
1305,0.5548598851621662
1306,0.7647478594029299
1307,1.7704782309047717
1308,1.0928623337185497
1309,0.032935010208092474
1310,0.624418688649235
1311,2.4621060418218934
1312,1.7904419482982457
1313,3.1121824995097036
1314,0.19317647954288286
1315,2.0578160123523936
1316,0.6282059654809722
1317,0.6752624293601113
1318,1.1468492267916932
1319,1.142754928538385
1320,0.11925434239739213
1321,0.49326272451137715
1322,0.7585516431495581
1323,2.0331148952657543
1324,1.1631032725261023
1325,1.0140521564471254
1326,0.2351781122706121
1327,0.006725771976474022
1328,0.37251048272044013
1329,2.411670691137914
1330,0.17642457247419602
1331,2.7519075439514196
1332,0.585858494618328
1333,0.4390905045450062
1334,0.2820891708912126
1335,0.42661997983938477
1336,0.10774815487567135
1337,1.2927170963989079
1338,2.2527243307033706
1339,1.024054136495472
1340,0.22310026840171582
1341,0.37220294054641756
1342,0.045764556130104744
1343,0.7912788264990283
1344,3.7495226733159552
1345,0.3711078371983341
1346,0.39070811102519
1347,0.741652638502295
1348,0.4623546594970233
1349,0.03825730703737263
1350,0.32358350285800386
1351,0.8077422052076526
1352,0.9260432463681474
1353,0.04557965471157428
1354,1.3087570276753313
1355,0.35204651075709664
1356,0.01812157497282635
1357,0.20840933080876678
1358,0.6400499714620946
1359,2.963489046121483
1360,0.27860861196032866
1361,2.052883530956787
1362,0.5160773390313215
1363,0.013469152794408829
1364,0.004202553363579494
1365,0.5898573272429681
1366,3.3256743071680557
1367,1.4010577437896596
1368,0.3781454246548044
1369,0.532652286603892
1370,0.6299766098060077
1371,0.49963695945701436
1372,0.6299607460866953
1373,2.8655448822982352
1374,0.106792353661312
1375,0.20573658553430843
1376,1.340895758996121
1377,1.8123632418402997
1378,0.8101850984040118
1379,0.7628434184286813
1380,0.2750772180547868
1381,0.24427966647766974
1382,3.0106251706671094
1383,0.788402096420776
1384,0.1331014868002524
1385,0.26055150298284163
1386,0.5261737452151419
1387,0.4462197859412798
1388,0.24950131919769264
1389,0.12110877750451
1390,2.418746557984069
1391,0.8142208505624382
1392,1.934587349523635
1393,0.35926564303706954
1394,0.017775577142513467
1395,0.44066892197319874
1396,0.07389503796694888
1397,2.4195788447490485
1398,0.0622714398529049
1399,1.1630729091747765
1400,0.16097658457073127
1401,0.20095501291631282
1402,1.0695276547089863
1403,2.433085495819519
1404,2.04054401480324
1405,1.2963626415345748
1406,0.1599603314110558
1407,0.0647176931182509
1408,2.0237703241284124
1409,0.11725284725814827
1410,0.8609209654392029
1411,2.741970872221682
1412,0.1318862652831034
1413,1.3903991839350902
1414,0.5620066833134978
1415,0.8675453330666797
1416,1.924195503703111
1417,0.8121602367880294
1418,1.7625495217586435
1419,1.3627625023582963
1420,0.17006564066717816
1421,1.940492338104279
1422,2.2831714490273454
1423,0.603063998299821
1424,1.3181468691590488
1425,0.4043293286056372
1426,0.2432345602285021
1427,0.5262683830168658
1428,0.030868540016026767
1429,0.3755515426605925
1430,0.06505770483039404
1431,0.07861384078866979
1432,0.01446695344073936
1433,0.062148976442619276
1434,2.8752069999384857
1435,0.9680549655855349
1436,1.3317645898204358
1437,0.3651383404975665
1438,1.8532834723809941
1439,0.28323753018386505
1440,1.4960190692507975
1441,0.9052847830893869
1442,0.11497070468103808
1443,0.864020317797718
1444,1.3123267000775058
1445,0.9663815649875899
1446,0.07736359837070789
1447,0.61069692087658
1448,1.6309590203680182
1449,4.572486461592148
1450,0.19009344929458466
1451,0.6198164532709761
1452,2.518425639660195
1453,1.662370670514092
1454,0.5734855170396809
1455,1.4244202724938575
1456,1.8519933559450463
1457,3.0375953162844254
1458,3.22292623565913
1459,0.49469875666897706
1460,2.0557191445916767
1461,1.4398251290226716
1462,0.8884069689339906
1463,0.05868231233372228
1464,1.6108085119508346
1465,0.1888621253597211
1466,0.37905580774254805
1467,0.19349522891115978
1468,0.07420694951404981
1469,0.3363881166529058
1470,2.057299747780134
1471,3.474718294319093
1472,1.9219179621028042
1473,1.6799373062902452
1474,0.1821552603319566
1475,0.6059876975457379
1476,0.3442411158772696
1477,1.9287225512634418
1478,1.6193560410033347
1479,0.6681783941202912
1480,0.11300141918162693
1481,4.696815184044557
1482,1.9952200357840866
1483,0.27191173581858685
1484,0.5104984403337218
1485,0.8737829388275548
1486,0.6750580178411048
1487,0.14513317645681312
1488,0.6179151473781801
1489,0.0814991866982242
1490,1.169107080830081
1491,0.989460197491509
1492,0.9618049430061156
1493,0.996270988918502
1494,0.11021339435081905
1495,0.749039812455052
1496,1.421989632820495
1497,0.2716644125934815
1498,1.2417665225291221
1499,1.187938792728628
1500,0.09772222111642773
1501,0.2295526237791647
1502,1.8000636761232134
1503,1.1707446193724231
1504,1.2777888594905866
1505,0.2032929015738809
1506,0.6693751296713053
1507,0.7330875424343044
1508,0.9190936462687468
1509,0.4439199945710903
1510,2.392100400235977
1511,0.4520746367768284
1512,1.1708051405105682
1513,1.525700901961199
1514,3.817576078793583
1515,0.3842810863502805
1516,1.4048164873834226
1517,0.18522925929384604
1518,0.8283934973123248
1519,0.0894385999648816
1520,0.02518742455625813
1521,1.3541491555696017
1522,0.14371433561273633
1523,1.4450624628286766
1524,1.7669184058122875
1525,0.1864680010099768
1526,0.5515695664736063
1527,0.6568752822945086
1528,0.5465763205842277
1529,0.13574564001204883
1530,1.3680764281229594
1531,0.4525905827288679
1532,0.621942306510273
1533,0.6641998227416527
1534,1.1753672134012305
1535,0.08014693531971191
1536,2.126057353596819
1537,3.1750294631108322
1538,1.344048166868743
1539,2.904862414949976
1540,0.1551276033246912
1541,0.6605752443304245
1542,0.4363987267052371
1543,0.31392106063160324
1544,0.25851390494975496
1545,1.1778144868853986
1546,1.2652022487462165
1547,0.05221039614080251
1548,4.060917614548562
1549,3.145474753203487
1550,0.08064778842341422
1551,0.5621430818987463
1552,0.1272272162634358
1553,0.05776573238165816
1554,1.7588546987388751
1555,2.238842721216761
1556,0.7194410226065739
1557,0.6057617854365627
1558,0.05244278257154317
1559,0.47513933342916126
1560,0.1764322860440674
1561,0.14638678993084114
1562,0.6618997960098375
1563,0.7819677169479793
1564,0.7327305726511336
1565,1.3378706485955583
1566,3.129246188246654
1567,1.8290548417466423
1568,1.8756972605376903
1569,2.545190179677755
1570,0.035543480653525104
1571,1.7736408595613504
1572,2.4049633456251307
1573,0.17502359724919397
1574,2.1661978232208
1575,0.3773030853097364
1576,1.2305369965096948
1577,0.21860660446946256
1578,0.2608250169864602
1579,3.1642741704839294
1580,0.22669418035434535
1581,0.4903931171227313
1582,0.35282577753591593
1583,2.685946950350379
1584,0.17752267426260135
1585,3.823960754143688
1586,0.49849965412461633
1587,1.0911049690580228
1588,0.5879865925127769
1589,0.11456997975939379
1590,2.034392280099211
1591,1.4186400057821495
1592,0.9204051718388643
1593,1.4928835415545392
1594,0.9578430159089805
1595,0.40445019733616866
1596,2.640128460906256
1597,1.6751773365919156
1598,0.9041047591336954
1599,2.195490612998566
1600,0.18282871584168223
1601,0.33450740023913644
1602,0.40048434458413057
1603,0.1176397218580579
1604,1.336281959460441
1605,0.5856286271137816
1606,1.7985306827958312
1607,2.26940346153153
1608,1.9686100153254817
1609,2.1097852404693236
1610,1.1357536748407844
1611,0.45327984327258053
1612,0.0871232047993735
1613,0.9365568131799804
1614,2.9712121374343505
1615,1.4714549546933455
1616,0.2615128347753976
1617,0.4441498149693501
1618,2.480710857014179
1619,0.3593625652622764
1620,0.9332226631097622
1621,0.979795449338901
1622,1.615377420487329
1623,0.7121799834601578
1624,0.9189754476175173
1625,1.7153670680038402
1626,1.0502704543785697
1627,0.17244684165198193
1628,0.2588394870413714
1629,2.265566741390046
1630,1.2533584202692374
1631,0.004982386743201301
1632,0.8281536501599157
1633,1.7794294799607455
1634,0.1375444579589528
1635,1.1110950864754183
1636,2.031540752953781
1637,0.025626780977784834
1638,0.9213826199825743
1639,0.24012971478502818
1640,0.017527815442060724
1641,0.04140898556631939
1642,2.510599455749228
1643,2.691938913461609
1644,2.735824142824173
1645,3.705531740246813
1646,0.00563356280621416
1647,2.928109301933058
1648,1.2212353882943296
1649,0.08065372774683172
1650,0.167110885580285
1651,0.6592574850680887
1652,1.1975732473839213
1653,1.4240271968173706
1654,0.04740197801429347
1655,0.7159060204961213
1656,0.5584457604620712
1657,1.690182378498785
1658,0.7348385417256718
1659,0.23692820582084032
1660,1.9756236746801885
1661,0.6185062302524262
1662,4.35706384285947
1663,0.5151768130924117
1664,0.9811790018882254
1665,0.2584593207334141
1666,0.8170781032527225
1667,0.6689971954183059
1668,0.4043841895433534
1669,1.1572967971067343
1670,1.1288637904195007
1671,0.6419651673562937
1672,0.8985492480296188
1673,1.073959667814751
1674,1.1259905007114295
1675,0.32309730219775845
1676,0.12250865776686294
1677,1.5453224974369475
1678,0.19874866676970948
1679,0.2528843981157137
1680,0.09389006624575927
1681,1.0639444304002255
1682,1.399185707047496
1683,0.8196527877289937
1684,0.9884426075117292
1685,0.08753923921837246
1686,0.4840626002956151
1687,0.32367293506971023
1688,0.25004302175319815
1689,0.2510570319351909
1690,0.6585081789738176
1691,3.1624439840068623
1692,0.053560642874602035
1693,2.8680046676970616
1694,0.5143089306695596
1695,2.2625173548603463
1696,0.6909510225859405
1697,0.08756783382414832
1698,2.389633657787913
1699,0.29379280747618663
1700,3.4814541450614063
1701,1.3521602143261162
1702,1.948424671675082
1703,0.441997404427651
1704,0.3139707448562253
1705,1.5730742476911053
1706,2.063344125903454
1707,0.9858740400477639
1708,1.0548712415825368
1709,1.6844865284764805
1710,0.6913530196708341
1711,1.1102147301649745
1712,4.374685546334693
1713,1.3366853329630846
1714,1.2068288065142876
1715,3.6757620923411025
1716,0.02685185823693645
1717,0.9816184868443418
1718,0.141407042133535
1719,1.8928642209662192
1720,1.666889661376559
1721,0.5607213243460443
1722,0.5880795505672891
1723,0.8198525789001571
1724,2.3257563434470265
1725,2.2557414444878146
1726,0.7895126438053949
1727,1.0811664334822395
1728,0.2975750418374356
1729,0.42732293041620023
1730,0.4122024028183327
1731,0.5183559323895971
1732,5.085463395669823
1733,0.7664284407383006
1734,0.36559885961411437
1735,0.16223416681078667
1736,0.7435102742251859
1737,1.6255961654939735
1738,0.24788791120059273
1739,0.3348781405762987
1740,0.6679752637258689
1741,0.3591884489081507
1742,2.6811484481397625
1743,0.1705888385469687
1744,1.6970520009580536
1745,0.3603791197565604
1746,0.4465418534890694
1747,0.13813603815944425
1748,0.7423508074041807
1749,0.5663897283493973
1750,0.9054680506433308
1751,0.48398214312164506
1752,0.4784928292080484
1753,0.0369024337012675
1754,0.44827910671065097
1755,0.031359258326146534
1756,0.32466473666680684
1757,1.4235184385021764
1758,1.3004383064028109
1759,0.009477342448360196
1760,4.1193076198208685
1761,0.387681011136607
1762,1.1170542468397855
1763,0.036080896621890395
1764,2.418793359633555
1765,0.5696139385042893
1766,0.12343317955656609
1767,0.6332670952548165
1768,2.8331275168576853
1769,1.8151494041708613
1770,0.34437783592246585
1771,0.5446776722764906
1772,2.5526037426903843
1773,0.7743676171392787
1774,0.8840527445472053
1775,0.9051326687993771
1776,0.1965171840577491
1777,1.051091960822806
1778,0.9576385331300754
1779,0.32629486314357936
1780,2.0732334866097726
1781,1.4330457492068693
1782,0.3969323165933731
1783,0.18841706150301596
1784,2.7996521781012333
1785,0.20848295392455618
1786,2.5879349728437426
1787,1.516236082019299
1788,2.9418211649173105
1789,1.3531625406097516
1790,0.06949910426784824
1791,1.0170885579444713
1792,1.5205828903752552
1793,0.8295165851332452
1794,0.8973446751831093
1795,0.42489202026562495
1796,0.18010233514281915
1797,1.061618185562265
1798,0.8776092762699719
1799,0.2627712391578327
1800,2.6801849467095153
1801,2.508184363877543
1802,0.5596674549627364
1803,1.9427830805732988
1804,0.021589295960824175
1805,1.1105530193745676
1806,0.4861831410978035
1807,0.6055399811826189
1808,0.1910660437179689
1809,0.791165826386757
1810,0.989782854873371
1811,0.8908998128243462
1812,0.18604741764850272
1813,2.1101530465355642
1814,0.7344541880138267
1815,1.3507210242419332
1816,0.885371035292146
1817,0.8774906072943236
1818,0.1449509485716098
1819,0.2485039158449166
1820,0.41064556258554874
1821,2.301730445288814
1822,0.016543659041067374
1823,0.10594349480093167
1824,0.2159387276978062
1825,0.36377308205416536
1826,0.39762955016950674
1827,0.8344137853717589
1828,1.4608173170304206
1829,0.4374717933231515
1830,1.7249000985793452
1831,1.1302903330200098
1832,0.18272477419237682
1833,1.525205903134614
1834,1.410306036467632
1835,1.462282296932077
1836,1.9358897671388229
1837,0.14274883357865514
1838,0.27873918134781284
1839,0.6192112798221096
1840,0.9536262279772287
1841,2.030741446903594
1842,1.1513228523093364
1843,1.0428929676461554
1844,2.5894093308874018
1845,0.2435678890608409
1846,0.5351599495368473
1847,0.9500923299289351
1848,0.32356195463531645
1849,3.4524364874907114
1850,1.4891895352558153
1851,0.25387014906109145
1852,0.8697553062020982
1853,0.14318964310084015
1854,0.06582326973384396
1855,0.641300222116594
1856,1.7691389058126932
1857,0.42916852708431724
1858,0.2789007046603293
1859,0.3165572336853525
1860,0.29073832610647843
1861,0.006750565958835706
1862,0.2011876484987562
1863,0.05142937041439211
1864,0.9034977504287729
1865,0.7742879235446809
1866,0.07786658173481929
1867,0.6001042503395155
1868,1.02204629064958
1869,0.11174034547660146
1870,1.8811821546971643
1871,1.4787870522626954
1872,0.8893548385163172
1873,0.5404691676337271
1874,2.9801354435319127
1875,1.0073710724293183
1876,0.6668013195437064
1877,0.9602428164679587
1878,1.9496597921118657
1879,0.864538913694946
1880,0.14856251792477276
1881,0.677013291855791
1882,0.9322197709104696
1883,2.0816204477300944
1884,1.5346976194222797
1885,0.007074489172520796
1886,2.2956199567077338
1887,0.8309577246545221
1888,1.269341880012558
1889,0.13817524870555908
1890,0.2728755457232791
1891,2.3686721121709535
1892,1.9919329749781596
1893,0.13545626026973834
1894,0.13104967510780077
1895,0.34763086213825495
1896,0.5995950484055202
1897,0.6135424561679312
1898,0.3392260015066455
1899,0.012702697467813245
1900,2.341186667329693
1901,0.08903431352933505
1902,0.3487289672151857
1903,0.24099356046714232
1904,6.858882713482421
1905,0.468040135052948
1906,0.030988561614581134
1907,1.7589171156402876
1908,0.2872250437007882
1909,0.05871441381236673
1910,0.09386792344983917
1911,0.20187918540851663
1912,0.46954401768596943
1913,0.05458074156180627
1914,1.4580104263004783
1915,0.04344622107339341
1916,0.3605099084628907
1917,0.9489765894388376
1918,0.41731220148753023
1919,0.399876603729897
1920,3.1209104844915663
1921,2.059297351395405
1922,0.10526740450015405
1923,0.06360671145048315
1924,2.1222782516840573
1925,0.4679358821116006
1926,0.9242045175282566
1927,0.6992551054481291
1928,4.144926028291617
1929,0.43339602748840705
1930,0.6391848249792877
1931,0.25761558644812027
1932,0.7674703671809886
1933,4.577319902139143
1934,1.2755775025028881
1935,1.346038973279186
1936,3.016310349785872
1937,0.6494363032367069
1938,0.3787233472323516
1939,0.26780670099659715
1940,0.23042862487967097
1941,0.3472376615704729
1942,0.0492651644079187
1943,2.098167080532365
1944,0.6282735816491188
1945,0.9487969784135616
1946,1.4257535551993117
1947,1.3821088194212223
1948,0.8551624228251127
1949,0.10853186865316028
1950,0.029110533934354026
1951,0.37631905076706035
1952,2.1920461302748953
1953,3.046630418116036
1954,0.18638212096531137
1955,0.7588495913651244
1956,0.8926113141817806
1957,1.2224506341461043
1958,0.15972586084114604
1959,0.7040283249580568
1960,2.821463016571911
1961,0.15784322175700533
1962,0.1504362446161121
1963,1.4260962577726164
1964,0.44520950850074076
1965,1.3094372354323003
1966,0.8820828003854398
1967,2.427269622847256
1968,0.1069416535077712
1969,0.10466391818545828
1970,3.1398319846647382
1971,0.13917650856018532
1972,2.850560471344135
1973,0.5219938157499996
1974,0.34327809868732384
1975,0.06329720656196114
1976,0.7324725792283169
1977,0.5572850987683197
1978,0.3751792927299168
1979,2.117280267985335
1980,0.37633184978921064
1981,1.1584657644309908
1982,0.7009693821342539
1983,0.5363610884262325
1984,1.8846131803541075
1985,1.018706150830293
1986,1.1603045679268567
1987,0.494179393284341
1988,0.38002187404176047
1989,0.25548644691665123
1990,0.6996970303543492
1991,0.602219367985297
1992,0.09794357375395456
1993,2.316443100914774
1994,0.05047509994280734
1995,3.511393630548227
1996,0.21773457687954845
1997,0.24689229174804841
1998,0.006541956609864161
1999,1.584309277886758
2000,3.7882327060773298
2001,0.6718740769966605
2002,0.091186541697498
2003,0.14400462333188055
2004,0.5744415262106117
2005,0.6710769171928304
2006,3.0010486573707276
2007,0.8740690895559831
2008,0.15273257533417764
2009,0.8876898217561044
2010,0.26640480991443377
2011,0.5096378673082721
2012,0.14222805587827353
2013,0.30697423890084213
2014,0.06194528973394543
2015,0.4541973765868688
2016,2.181264134748921
2017,1.0205993594614728
2018,5.881844572017474
2019,0.48341095716241084
2020,0.6350462575140968
2021,1.3644470558008663
2022,2.9148862593596228
2023,1.3803975314714814
2024,0.2810941029015785
2025,0.5688931055652662
2026,2.5104163617825552
2027,0.8629179766422878
2028,1.049898449389858
2029,0.14318676108078096
2030,0.12684620638487493
2031,0.7805999780922644
2032,1.0510546244183538
2033,0.22404080901680148
2034,0.7968327072379693
2035,0.024769368820997343
2036,0.6078476522864679
2037,1.6733979687771812
2038,4.974593113895649
2039,0.2720296206995805
2040,0.021973877569729447
2041,0.2748160911912801
2042,0.3524159659483062
2043,0.24280097696385136
2044,0.639980601265119
2045,0.13495220797990393
2046,0.03383227717806478
2047,3.493850413489304
2048,1.959844304741063
2049,2.339510317056134
2050,1.6944326045953282
2051,2.664161723117563
2052,2.6361285326580663
2053,0.7411350191001436
2054,0.7572514639234842
2055,1.0346875657119454
2056,1.2128810728302164
2057,0.04121790822407403
2058,3.692442456972357
2059,0.08493752269042937
2060,1.7198395772271005
2061,1.1446883977868418
2062,0.7889306182179348
2063,3.7998989313535065
2064,0.5317527670433008
2065,0.10223652578988654
2066,1.9532023086042534
2067,1.925554115646102
2068,0.2297283151296097
2069,0.2656577835798635
2070,0.6389026463560915
2071,0.15650453445960355
2072,2.168265090665504
2073,0.0571932822389727
2074,0.874374917139582
2075,0.4080911592324833
2076,0.0982353337499306
2077,1.6627397028182787
2078,0.580871465818372
2079,0.1617432912673799
2080,1.8980660091292638
2081,1.40643393004486
2082,0.7327033585985611
2083,1.6093534330131234
2084,0.032450394298385685
2085,0.34448259597463343
2086,0.1218992607038073
2087,1.165612699170179
2088,2.5781815700563286
2089,0.21309346897565595
2090,0.5944289954782972
2091,0.8867675809499951
2092,2.0905202467938455
2093,0.24410042817989602
2094,1.4667537727391173
2095,0.409610667014369
2096,0.0690294913505833
2097,0.9112865374831256
2098,0.4179796843677582
2099,0.6381046115025362
2100,0.296481815239345
2101,0.38213199486655147
2102,3.522534957535189
2103,0.5042946331313921
2104,0.258995814884589
2105,1.6230086830731631
2106,0.6430621595957671
2107,0.04468009799971699
2108,1.9674863121294226
2109,0.9317269745835551
2110,0.7413864344780758
2111,0.8982570675758584
2112,0.4281464714070013
2113,0.5475821737453078
2114,0.1552257560637899
2115,0.8280949767780511
2116,0.4774234489488137
2117,0.07302792180963262
2118,3.281409063997762
2119,0.38974601655226415
2120,1.8143816815670124
2121,0.175989028533454
2122,0.821442447348547
2123,1.2524079557757684
2124,0.4889846876878368
2125,2.0343211448087097
2126,2.78834599799976
2127,0.3532144269558566
2128,0.16172787342451
2129,0.3207942283795676
2130,3.300982323194826
2131,0.7306093871891273
2132,1.02744412639769
2133,0.12685974222289914
2134,0.3843694743268734
2135,1.846542668939856
2136,1.2874381304485736
2137,2.9029700137823498
2138,0.36615318340419073
2139,0.8036712685635191
2140,0.5749635753965158
2141,0.5815778531125972
2142,1.73933543441876
2143,0.3042793136198384
2144,0.5431051620992807
2145,0.28109580169677195
2146,0.7501892491518604
2147,0.7228824512356867
2148,1.2772882275470772
2149,0.275398152392172
2150,1.2676108683434
2151,1.4094862337897203
2152,1.5202114065985353
2153,4.914905828097862
2154,0.023233002646114286
2155,1.028518274035974
2156,0.844373744410444
2157,0.9490374712050162
2158,1.4759082409915503
2159,2.3906491988770155
2160,0.0643055013857303
2161,1.072694296040055
2162,2.560719642588252
2163,1.1009672319321266
2164,1.5143914797354892
2165,1.3929160586891056
2166,1.9743593972386684
2167,1.322757632117714
2168,2.7243948059253205
2169,0.16644242939567655
2170,0.8372716877244271
2171,0.39153728701281904
2172,0.8230828667410863
2173,1.0527313722120801
2174,1.76266774680635
2175,1.88511391781803
2176,1.0340317966901873
2177,1.9215983122617626
2178,3.4743306337549336
2179,0.03409292196325392
2180,1.8948725747312714
2181,1.0426826042664206
2182,1.9927703015562566
2183,0.628278997257929
2184,0.6426990793551133
2185,0.8019200475609076
2186,0.9397012899635245
2187,0.7849061974554494
2188,0.7007253837652545
2189,0.9559113670852598
2190,0.5306444108108445
2191,3.3995568298662318
2192,2.6750043943013497
2193,0.01549355091336255
2194,0.2791739026382974
2195,1.6412882635958286
2196,0.26073402523210437
2197,0.6873423887097828
2198,3.09149719782991
2199,0.5404603878968539
2200,1.3629125188702162
2201,0.3399451150023636
2202,0.041805563112217
2203,0.4989420420683972
2204,2.05304038911745
2205,3.613485268000557
2206,0.5634003920363165
2207,0.5261275364534974
2208,0.8066945063189122
2209,0.3134833012688599
2210,0.6282561492910856
2211,0.4073971151458703
2212,0.22145635485124077
2213,0.6728981996320285
2214,0.07579070467055174
2215,0.4360872555232032
2216,0.5203027125500377
2217,0.007045346893883364
2218,1.1705222037507126
2219,0.31227160686160704
2220,0.24839423896888096
2221,3.3913910584250804
2222,0.5281209800550529
2223,0.041477126080252294
2224,0.9826935635081592
2225,6.279837642261701
2226,1.7945333276812339
2227,0.12609303537749222
2228,0.4364012430191516
2229,1.7015383741639138
2230,1.8658155424419562
2231,0.6123944529259145
2232,0.4946915274690473
2233,2.0769167045156203
2234,0.09965482037451565
2235,2.3663615782532728
2236,1.0537645212967708
2237,0.7625543651673645
2238,1.4361896497008249
2239,1.6407567876399156
2240,0.09838934133074184
2241,0.3353918706936485
2242,0.6597074537390744
2243,0.321274448797162
2244,0.03262264606764481
2245,1.2804747999475456
2246,0.06749078940636741
2247,0.588208790115759
2248,0.6198283584705424
2249,0.7025113312569855
2250,0.9580826691786728
2251,0.15618811281210407
2252,2.7222907423922615
2253,0.4956412063631588
2254,1.4071370657052904
2255,0.22172308468106147
2256,0.910481164204209
2257,0.3997001118093643
2258,0.579305532013819
2259,0.5679954805521343
2260,0.43687793641851946
2261,2.087524437948652
2262,0.9968769588711721
2263,0.6739686211000083
2264,0.5289809204586444
2265,0.7336093687282135
2266,0.06216576767784256
2267,0.024465508434928437
2268,0.3142734393711932
2269,0.7135461262181974
2270,1.0941765361034697
2271,0.18459328504994812
2272,0.6541479905737031
2273,0.5711081186738116
2274,1.5872968915387322
2275,1.1320361639973813
2276,0.7797984486677181
2277,0.2889737614437724
2278,0.7497499293769196
2279,0.8523368629981309
2280,0.6713993352181492
2281,1.3299684802710392
2282,3.4089336211341177
2283,3.7722300564579028
2284,0.41402731665722
2285,1.1956339908926332
2286,0.9330437527815326
2287,0.0183587580055318
2288,0.5851294494690058
2289,2.746350394592725
2290,1.2601669223925964
2291,0.15987507578584687
2292,1.2390877687705608
2293,3.390471050143601
2294,0.17537110930006605
2295,0.5054178280491691
2296,0.028012828284071655
2297,0.24874834559851783
2298,0.541483674323799
2299,1.2040762300835048
2300,4.387177823542385
2301,0.14363415060615992
2302,1.4392267192701702
2303,0.5890970593522682
2304,1.183657537094013
2305,0.6574453196357771
2306,1.453453994453516
2307,0.054093217773228355
2308,0.2939191786402212
2309,0.3206785925792363
2310,0.8685621084652455
2311,0.9073210293493336
2312,0.15444629058553117
2313,0.2554831256791072
2314,0.5967476730764615
2315,0.44310609157854175
2316,1.109417768150937
2317,0.5265561976267252
2318,1.8372830742281927
2319,3.493200516762489
2320,2.798641669673228
2321,0.08156814828784689
2322,0.5497383274382183
2323,0.7278645621790484
2324,1.830303584828046
2325,1.57672605886076
2326,0.19005551793483783
2327,0.7910876093201433
2328,0.13733648565056034
2329,0.7893927652363872
2330,0.79223237159798
2331,0.3781995562276502
2332,0.4341996605960641
2333,0.2635086288555828
2334,0.7633308680231369
2335,0.3754423535180232
2336,0.952500120884091
2337,0.2673899328612318
2338,0.720819528725175
2339,1.4623392594373017
2340,1.029473350035799
2341,0.7255301168530576
2342,1.6413372319256108
2343,0.016232085817850565
2344,1.2861232191529488
2345,2.8553901195118647
2346,0.44300260776373446
2347,2.3792431417225854
2348,0.03782411627258434
2349,0.4606020404217539
2350,0.6738792386878927
2351,0.859255246218858
2352,1.1199785331301346
2353,5.9932239567828525
2354,0.10463192061492971
2355,1.0620035584456737
2356,1.007539630902833
2357,0.8388185388976442
2358,0.23995412870163488
2359,2.229209393522857
2360,0.11641268565265475
2361,1.465965620714622
2362,0.15381822270979242
2363,1.5584325210001078
2364,0.2281886111941276
2365,0.8424313310616893
2366,0.01718555585479123
2367,0.4164314309598701
2368,0.7098574226397258
2369,0.38383231835105613
2370,1.2803999257899383
2371,0.031057637108032582
2372,3.1522270057914588
2373,1.1790879659130304
2374,0.10529129071800909
2375,0.07888556102159727
2376,1.9319737050313157
2377,0.2971789570498107
2378,0.5784496796126225
2379,2.2021473989698803
2380,0.5652156746892307
2381,0.4738128642255371
2382,1.0688800041685043
2383,0.4089883855023719
2384,0.3083126918216306
2385,0.841553808915354
2386,0.46361295201993447
2387,0.08244441822384432
2388,0.12944282621915298
2389,1.1607759953547914
2390,0.29370872451163493
2391,2.642919836164723
2392,1.2790003383619233
2393,0.5348919630275699
2394,1.8720935460187493
2395,0.8628536630867064
2396,1.0087936667733153
2397,0.41398070086394523
2398,0.18683949214940238
2399,1.0961928691655096
2400,0.659429447361923
2401,0.1474589466959306
2402,2.0709870356306914
2403,0.36202480197417475
2404,0.4069871202734575
2405,0.5131880972227102
2406,0.41934581661232484
2407,0.40809260201301273
2408,0.2692383931079743
2409,0.21168931238085337
2410,2.270188446009314
2411,1.362317568151561
2412,0.7342253043852296
2413,0.14673148850632028
2414,1.6709255589009573
2415,0.8801180408564149
2416,0.494501085479567
2417,0.5574464860413013
2418,0.9893337046961648
2419,1.8306378112903487
2420,1.17941692501761
2421,0.657791936576021
2422,0.20888028341759873
2423,0.009701472075390745
2424,1.1737796163754888
2425,0.04024395612242927
2426,0.09957680552028003
2427,0.6665221606535272
2428,0.4286250709296645
2429,3.1171610934856275
2430,3.13664099129898
2431,0.08611659110742735
2432,0.7265682066232282
2433,0.33224410132357246
2434,0.21098645850293796
2435,1.7104759988449525
2436,0.08672535750500543
2437,2.179740255261157
2438,1.2180503568994108
2439,2.6573007837683615
2440,1.1391705549989626
2441,1.1800884057706047
2442,1.3578254243181438
2443,1.808392597157059
2444,0.0188205057821985
2445,0.32345060717041896
2446,0.4507545968656237
2447,1.6022850924602803
2448,0.4449000983693316
2449,0.36634667800307263
2450,1.7665784217293359
2451,2.0391346390352876
2452,0.2158554935247587
2453,0.5741803185828623
2454,0.3129999954762233
2455,0.6756445615336663
2456,0.9968095381031721
2457,2.7510924176228317
2458,0.053281917769340326
2459,0.5674594304560024
2460,0.44369060781115044
2461,1.1624179185372994
2462,0.647193947603004
2463,0.9493718380828069
2464,0.5663179725843233
2465,1.7298689968134118
2466,0.6586869599446
2467,0.6029690957647971
2468,2.076580734331592
2469,3.080744832671608
2470,0.7752227793670969
2471,3.3440728993751363
2472,1.8238934715438093
2473,0.8682644852682614
2474,0.9046675060033348
2475,2.5432282516209956
2476,0.19813788435407953
2477,0.37590027959438155
2478,0.05679541441757599
2479,0.24120984754653285
2480,1.3945203715881764
2481,0.04878011556598762
2482,0.1502815383963394
2483,0.4378372845129912
2484,1.2526793352269834
2485,1.7424051768244873
2486,1.115889374835494
2487,2.1261321922714167
2488,1.7582658602938521
2489,1.075750663170118
2490,0.24252828895513806
2491,0.5928062822112758
2492,0.5413126834350466
2493,2.115898882081268
2494,0.9579978797115307
2495,2.470196864038461
2496,1.797044142528238
2497,1.0251312725587103
2498,0.240346199914868
2499,0.07330930724925358
2500,0.21026086733387028
2501,1.0233201602315796
2502,0.3284434926530651
2503,0.6337607830188587
2504,0.8484688854853512
2505,0.9863281688495626
2506,2.2981133493346104
2507,1.1604607979626804
2508,0.4948101595539248
2509,0.3432069474494942
2510,1.4740928506808983
2511,1.9998230761692144
2512,0.79786916120474
2513,3.302103852036919
2514,0.3698872491930623
2515,0.1802456474816081
2516,0.8850604742318944
2517,0.4153601805158821
2518,0.28308131959523686
2519,0.19388937843657544
2520,0.6693515447872034
2521,4.459038221429795
2522,0.4160052718350146
2523,0.7077958383717776
2524,2.2140231415003138
2525,0.9212607986943675
2526,0.6372227929993386
2527,3.18751228655305
2528,0.23939806439165168
2529,1.5330496182381885
2530,1.8504074886261854
2531,0.7813939215338501
2532,0.4751967709918433
2533,2.1651344205307033
2534,0.24814486967830365
2535,2.5452574731316804
2536,0.9105547642364996
2537,1.6363239694923994
2538,0.22563515326341455
2539,0.11688991014219195
2540,0.023908370368949022
2541,0.6319197251389873
2542,0.5110585266990697
2543,0.2048910315024144
2544,1.152113485819812
2545,0.18172071580773477
2546,1.5413271667183528
2547,0.4839404574078752
2548,0.1841055401095576
2549,0.3820610640144203
2550,5.248323106740909
2551,0.6568687454037888
2552,0.8942257160615505
2553,0.7336142211394093
2554,1.9943329952446296
2555,1.5949730254565209
2556,0.9783328085652815
2557,3.0517202812182376
2558,2.428639431965732
2559,0.008040667318690811
2560,0.7251423094146682
2561,1.2797970070483788
2562,1.0779586179262897
2563,0.09116095481893119
2564,0.22444790826164468
2565,0.5969099680524547
2566,1.3018479416789033
2567,0.14722846471183146
2568,0.5241720308859457
2569,0.19019382992004624
2570,0.5505586326443089
2571,1.561436076536467
2572,0.06427775985868873
2573,0.8650357024153457
2574,0.2719222447358635
2575,0.28663374698606686
2576,2.18712221808488
2577,0.8056730030689563
2578,0.8822194156555222
2579,4.658780439002675
2580,0.746574450800693
2581,0.005821773833831524
2582,1.2082109285649183
2583,0.2206346300841759
2584,1.887029008053878
2585,2.0696549508863757
2586,0.9268967871898701
2587,0.9617441633622171
2588,2.0517172468371934
2589,3.9364379620669725
2590,0.7361047979811695
2591,1.1300759938234108
2592,0.04637489315394547
2593,0.8284644407660106
2594,0.1536544855194914
2595,1.403845160457753
2596,0.0513402454287166
2597,1.508055415921561
2598,2.1156855867529694
2599,0.25637721714221645
2600,0.37740876117158867
2601,0.0961602663146127
2602,0.19981955434492624
2603,0.6646923327362304
2604,0.10202618726380501
2605,0.6647664807278919
2606,0.2134269520652644
2607,1.4113184672146692
2608,4.164560174499569
2609,0.2978882916144432
2610,1.0964243839245766
2611,2.201864834134979
2612,1.105502073853184
2613,0.1383569044214291
2614,1.9732033740327464
2615,0.8165413036615295
2616,0.2731910802833031
2617,0.35426353618578743
2618,0.5117745654535583
2619,1.486850140203165
2620,1.7937403768048457
2621,2.0546217505005737
2622,0.8218184390751342
2623,0.6538006777005412
2624,0.5423172939871532
2625,1.4425877428927265
2626,0.038462140153934274
2627,0.2700097357681568
2628,0.6953764058615814
2629,0.7453216561765141
2630,0.4606376826223747
2631,0.5737002009839405
2632,1.0924437595674998
2633,1.204662766196883
2634,0.22098806646211128
2635,0.2322596199057165
2636,0.5291805848519429
2637,2.2998631582907643
2638,1.4918984663793653
2639,1.5253505797325506
2640,0.5443522917258017
2641,0.6240189939688635
2642,1.2470524473442712
2643,0.8547681233455344
2644,0.11462935188551397
2645,1.751303348805409
2646,0.4466798879771682
2647,0.1620496362245295
2648,0.7583540204038177
2649,0.30525104452098134
2650,0.25548748520444775
2651,0.9970863974608482
2652,0.08231204507832361
2653,1.6687106427372882
2654,0.5086945319189341
2655,0.40400909516053185
2656,1.0914727664436277
2657,4.585937066570292
2658,0.0419952057148429
2659,1.0858200673782856
2660,1.1023280799696298
2661,0.9032883428065911
2662,3.6536547734569567
2663,0.232983622226073
2664,5.130819563218484
2665,1.8576145093919814
2666,1.5511047542967205
2667,0.4748822517345168
2668,0.6262280465131665
2669,0.4527787313784868
2670,2.120798083240632
2671,0.21309869320384844
2672,2.3345711552324495
2673,1.4082205625083628
2674,0.7820308159746648
2675,0.523415199532139
2676,0.01614055267368089
2677,1.327789288888313
2678,0.8039794190627065
2679,4.015617413693369
2680,0.2072429363084527
2681,1.0460723959412483
2682,0.7037876626643312
2683,3.742275634286344
2684,1.4603990831061482
2685,0.6918625119762488
2686,0.1778008934294564
2687,1.4583903528912867
2688,0.1725082857212979
2689,0.18733921917052695
2690,0.1602313219364871
2691,2.243805582886009
2692,0.40378145517825886
2693,0.4212681571862814
2694,0.8636745869535546
2695,7.254231860879247
2696,1.289404213785621
2697,0.6600799942611644
2698,0.2917110919503014
2699,0.41047839107523554
2700,0.27612456938171964
2701,0.5239613941227578
2702,0.1277759470514544
2703,0.06231463957690752
2704,0.7748497827583397
2705,0.4281131582551385
2706,0.49929112662755676
2707,0.14331912457555454
2708,3.097156062065092
2709,0.37844959895802355
2710,0.15821220485806117
2711,0.11420908841240568
2712,2.3387259827774978
2713,2.631983691894136
2714,0.6060086840501682
2715,0.17367586119083575
2716,0.7008738068814818
2717,0.3780930537000413
2718,1.1394910687028832
2719,5.147371335306564
2720,0.510724323482832
2721,0.0999064946364661
2722,0.2413129990526787
2723,1.2982004171693382
2724,3.0243653117938525
2725,1.2988210445516688
2726,1.8696785894339472
2727,0.7790760910512647
2728,0.40391725687385155
2729,0.23856712752758236
2730,0.35300752998276463
2731,0.5787300163427257
2732,2.072051022731761
2733,0.07814339684335747
2734,0.658334528812269
2735,0.669103548616866
2736,1.1132817106802957
2737,0.5667780677349132
2738,1.026049604047069
2739,0.5483613684312146
2740,0.4296079651356467
2741,2.2185093712471216
2742,0.6182927797366742
2743,7.74302668016756
2744,0.0825059213380523
2745,1.217477809446657
2746,2.314259192615806
2747,0.6228857803382535
2748,2.3514425415603686
2749,3.894653603271327
2750,0.18641617845692904
2751,2.007028454019066
2752,0.052133484530390156
2753,0.15231182023446618
2754,1.016427250503113
2755,0.9737548311827258
2756,0.6975055269581764
2757,0.8657606948260967
2758,0.9722740707590742
2759,0.32384598780593105
2760,0.9529653250535385
2761,1.556095461818504
2762,1.7260865235257814
2763,2.8402488733166096
2764,0.9880975823637526
2765,0.6619260260428206
2766,0.6019671846924289
2767,0.018665507319267763
2768,0.15447741149547556
2769,3.0289474136812666
2770,0.4644667281613049
2771,0.016930479156788088
2772,1.4703015051163133
2773,4.58744629805731
2774,2.3876259622457017
2775,0.8109907961797074
2776,0.3601179577453908
2777,0.6985118629929721
2778,2.0389241198005896
2779,1.2670732900010142
2780,0.7557794680086185
2781,0.7948609758020713
2782,2.7642162734152276
2783,0.11556718316090484
2784,1.0702425291279207
2785,1.012659653075921
2786,0.6033194160917921
2787,0.1348888964439829
2788,1.4582359351621725
2789,0.0826930512537746
2790,0.4013227542849224
2791,0.5108558605979255
2792,2.140183320382941
2793,0.43531151057290685
2794,2.494083325386315
2795,1.0717858131923068
2796,0.00035190288987245986
2797,0.6299930565012636
2798,0.9840100188405991
2799,0.5080246767854769
2800,0.4037465909876084
2801,0.46981941871373956
2802,3.1523111588661874
2803,0.020868500591754074
2804,1.3657996399317802
2805,2.0058568848567924
2806,0.028195252621342676
2807,2.439886293338755
2808,1.2582757883669216
2809,3.106839594703151
2810,0.17778692942691143
2811,0.2246036764785951
2812,3.7512995912660374
2813,0.21897805029398654
2814,0.38996268334928885
2815,1.4174970949495915
2816,0.5894519888923089
2817,0.08023911964492313
2818,0.17546003375276456
2819,0.19057292346240112
2820,0.7815233938453359
2821,0.08863920099430671
2822,0.919059358983648
2823,1.6187388120322812
2824,1.7941413892991016
2825,1.209550924419367
2826,1.5511992805910002
2827,0.5002268695664908
2828,1.4141072068138751
2829,0.8046593229212213
2830,0.10156732108696581
2831,1.2307041177179563
2832,0.6493579292820784
2833,1.9501631284653325
2834,1.5607306254333055
2835,0.12108326809292853
2836,0.008043322203043879
2837,0.4938342881249724
2838,0.06537557892461868
2839,1.082248443452055
2840,0.21621031885848097
2841,4.505630762250191
2842,0.0601327847695539
2843,2.512792398366515
2844,0.05907707066262756
2845,2.2200939368566766
2846,1.4018947067248209
2847,0.055189594623872164
2848,2.8622354156035223
2849,2.100765149900282
2850,0.12567036810029128
2851,0.5015511238358481
2852,0.30375233612776925
2853,2.3401081495627163
2854,0.3634599353413226
2855,2.647304220291111
2856,0.18191003677356835
2857,1.080749767910252
2858,1.0215331389891318
2859,0.052229600225508016
2860,0.8821970443633802
2861,0.6775861350575898
2862,1.4661783771717851
2863,1.1362467521352597
2864,0.37727144094272663
2865,0.30218879882262106
2866,0.08510644670966314
2867,0.8793001496566164
2868,0.3635663279469382
2869,2.7577330816537535
2870,0.3146680710536846
2871,1.1938092152464095
2872,0.45311850606048154
2873,0.46779002708578116
2874,1.6759144210924912
2875,0.42452351637559826
2876,0.7677696469989116
2877,0.6430984830287051
2878,0.576702186243704
2879,3.05962567296706
2880,0.1967244564611966
2881,0.7946409443446478
2882,0.19296713650193129
2883,0.17884613568241553
2884,0.22311600317403293
2885,0.8074607321326626
2886,2.849495869521907
2887,0.24889644325917165
2888,7.310332928833208
2889,0.8505812505799232
2890,0.2173529282578868
2891,0.07233353562373071
2892,1.3034211796111355
2893,0.21822214992131234
2894,0.259219571944684
2895,0.31726412322645103
2896,0.9802412224927459
2897,0.981628704750686
2898,0.42896208168595035
2899,0.46308132162803645
2900,0.17464626805398945
2901,1.0154479438036295
2902,1.5431325252941992
2903,0.3205442523140424
2904,0.1805318278616393
2905,1.7961660164671316
2906,1.1632516154400514
2907,1.6381866153910492
2908,1.1216901526336878
2909,1.6202266715634508
2910,1.7671511045589732
2911,0.5298954749445974
2912,0.788172563878817
2913,1.5354691887138432
2914,1.6479641894970627
2915,1.0455903829596094
2916,0.3081435071732299
2917,0.12934451992461618
2918,1.9935555343502485
2919,2.1976637960869985
2920,0.6643417286643248
2921,1.1931947555863696
2922,0.858409554836834
2923,0.9977697854409414
2924,4.380592767295305
2925,0.710312061383455
2926,0.05104647901167543
2927,0.5386167531299724
2928,0.5847625942574477
2929,0.18579292318055024
2930,0.015060314279114948
2931,0.34867500250534234
2932,1.655135942166924
2933,0.26756152400523237
2934,0.6447333342529462
2935,0.0021862363748011288
2936,2.044461763593447
2937,0.7511468777245285
2938,0.595998880322512
2939,0.357967279317005
2940,0.2640237441300687
2941,0.03652991651137408
2942,0.15128831781827026
2943,0.6746579578874936
2944,0.5714900778267313
2945,0.09895927586936928
2946,4.530778416256495
2947,0.3888592268029767
2948,1.2874318572081427
2949,2.165960505931468
2950,1.552148860049209
2951,0.9089593008521154
2952,1.3174709829258426
2953,0.7157439917582809
2954,1.7016069049825828
2955,0.014381840172454446
2956,1.7514972391288666
2957,0.1246078137814689
2958,0.5344470779265095
2959,0.3945330841120521
2960,0.0640473930032597
2961,0.7290196832593087
2962,0.5647788998333931
2963,1.5038032576198934
2964,1.22075259887499
2965,0.10306459293085879
2966,1.331639494666985
2967,0.9785337421197338
2968,0.01640919521224156
2969,0.16691033260099516
2970,0.6320365605565821
2971,0.44487082010719897
2972,1.2042662019597303
2973,0.22025459729111868
2974,2.6008847433582414
2975,1.1076107494433531
2976,0.22614283186378442
2977,0.6506075699389231
2978,1.714556514646839
2979,1.7057560878232112
2980,0.7518562193738374
2981,1.9136147600537263
2982,0.27502920060760755
2983,0.16245951983218665
2984,2.023521563123765
2985,1.1112344510685797
2986,1.2141985758855238
2987,0.8639851999495103
2988,0.37217119366736184
2989,0.245747944898297
2990,0.8285015152658146
2991,0.20596924935175093
2992,0.6616619429153331
2993,0.23679136641969026
2994,0.014427845507857556
2995,2.7815647106089707
2996,2.1240302912516675
2997,1.9570411347232983
2998,2.2438617568154435
2999,1.1193273428708368
3000,1.9314925012144473
3001,1.7550324804814088
3002,0.3446775762445719
3003,0.7767086269152506
3004,1.190243541070956
3005,0.3752776490919587
3006,3.055653928894083
3007,0.5934775011947568
3008,1.3127142726401995
3009,2.1139350686347322
3010,1.9836877694764188
3011,2.098731663442849
3012,0.17286525617344012
3013,1.2171530780449489
3014,1.8022483764821036
3015,1.1166030842416874
3016,0.5987525690417828
3017,1.4912587735174285
3018,0.4794056380458332
3019,4.22332632151309
3020,0.5064639002412634
3021,1.3967418258169706
3022,0.6527682545055543
3023,0.01031915876943057
3024,0.0029090900276891873
3025,0.2527786539760257
3026,1.8007565472173515
3027,0.20609622777739367
3028,1.0683056033482725
3029,1.11363073143899
3030,1.5740427390849052
3031,0.26634244057326545
3032,0.16194216498960648
3033,1.807089733006605
3034,2.0296511996839137
3035,1.6470552887529066
3036,4.798027126571308
3037,0.0725434746392357
3038,0.8695577250590623
3039,0.8925378819696346
3040,0.10492538898890025
3041,0.7152737785173203
3042,0.5528230958601823
3043,0.7318674362840054
3044,0.19503149916245477
3045,1.5409735609941566
3046,0.372857317108994
3047,3.436526655383958
3048,0.23848142051621446
3049,0.22952178737689002
3050,3.3715511353461793
3051,0.6504282737963902
3052,0.877323431255897
3053,2.3705530369451786
3054,0.8770537544673865
3055,0.8135322815140876
3056,0.6794054879685022
3057,0.934837544813674
3058,0.8574646704741198
3059,0.6113614110944904
3060,0.8789716287567051
3061,1.8352763348368684
3062,0.8862722529796007
3063,0.2513542761939258
3064,1.08680051791708
3065,0.2522958277385837
3066,1.1939876708985309
3067,0.14773233074392034
3068,0.012393238926425132
3069,0.14711939765095197
3070,1.4525274803712214
3071,1.0620061893573627
3072,1.9935786431518876
3073,0.18633728434833205
3074,2.1658212021532455
3075,0.0320921808585832
3076,0.33719315911427705
3077,0.8392271746451279
3078,6.358069308168715
3079,0.7723862008361954
3080,2.1662479666578838
3081,2.5194605149106564
3082,0.12292492501622079
3083,0.8121540061502476
3084,5.036692727071877
3085,0.04934092483810843
3086,0.3493649165987985
3087,0.07088415088894043
3088,0.659526957084521
3089,0.7984328024994078
3090,0.34066082608237436
3091,2.0518695816020207
3092,0.4264859235792632
3093,0.3119853875151161
3094,0.007368691891407209
3095,0.23448782581792948
3096,2.3820382492852756
3097,2.150614679929596
3098,0.21988027984168668
3099,1.2505505723372046
3100,1.288074280673446
3101,1.2049413791640677
3102,1.2305899567443417
3103,0.41696300503350375
3104,0.4318620051639578
3105,1.8393444515868358
3106,0.3196840502434075
3107,1.5225080072017603
3108,0.006294182516079532
3109,1.7028187552970757
3110,0.184409874640469
3111,2.969343180941058
3112,0.05719954108357746
3113,0.6071076822727416
3114,0.7500783108688635
3115,0.2485370792821115
3116,1.0985838766792466
3117,1.0485371618422947
3118,0.6748300340483919
3119,0.5574946524307426
3120,1.3600146341965937
3121,2.4270491789033057
3122,1.1848361660073168
3123,0.13694778482971032
3124,0.014253097350754633
3125,2.184870069355587
3126,0.9032059490604842
3127,0.3427426541619269
3128,0.19998988052344158
3129,1.8581577289010296
3130,0.8253776762983043
3131,1.2377133246877903
3132,2.5991757740719925
3133,0.8501916765207808
3134,1.4686590447211147
3135,3.0218668215920808
3136,0.08058732716232078
3137,0.48351564933547586
3138,1.758000350071151
3139,0.254633150466011
3140,0.020703940411122126
3141,0.5908425809426042
3142,0.4679221919994166
3143,1.0167224475400052
3144,2.582728720898548
3145,0.028628239383507035
3146,0.6614268400399206
3147,1.3516037523859006
3148,0.3979549818124074
3149,0.5118650329780758
3150,0.1464409695942503
3151,0.5276641652255037
3152,0.9883607333864443
3153,0.1401576420573253
3154,1.9484198384566176
3155,0.3385532150106833
3156,0.6839335102620439
3157,1.0455353445906352
3158,3.749582427096481
3159,5.539290028255117
3160,0.12595537968572318
3161,2.2825179900106387
3162,0.2700024949608868
3163,1.3544996814673478
3164,0.9275239419649913
3165,0.03267661315253855
3166,0.12725732809115253
3167,0.5615435872903948
3168,0.8946125693745085
3169,3.748869729270127
3170,2.6190457274317454
3171,2.7363212011654174
3172,0.6640348527710312
3173,0.16011155718976702
3174,1.5141931815323602
3175,0.9569499656254102
3176,0.9543144935707752
3177,2.529364945675093
3178,0.9260481741215811
3179,0.5975651427812123
3180,0.5544909811145742
3181,1.952325067237623
3182,2.330262455987828
3183,0.16797441047767997
3184,1.9160802026053274
3185,0.5285761453750373
3186,0.850250545419233
3187,3.5222275153322475
3188,2.104498487915498
3189,0.20516286365033823
3190,2.5092642598884654
3191,1.7398867232972635
3192,0.4332128098581132
3193,0.32626296398343924
3194,1.2330354273390538
3195,0.2787095033712198
3196,0.6823866155158672
3197,0.8872178003995355
3198,0.5814056471291653
3199,0.36883001295491086
3200,2.8023927919523923
3201,1.0434117448662645
3202,0.08865514052859792
3203,1.88912947144906
3204,1.715632561656707
3205,2.172024519659529
3206,1.6388532192391054
3207,0.4433652930046733
3208,0.2784194249860358
3209,0.02716038468045415
3210,0.70577935797111
3211,0.07277778138499091
3212,1.6944046518599907
3213,1.003161592594689
3214,3.3546571542039234
3215,4.744511720493352
3216,4.280275047965403
3217,0.9550315915425465
3218,1.315210190522792
3219,2.2423998928033027
3220,1.5369936667525004
3221,3.7273119280475258
3222,0.010331895373602268
3223,0.36489256943655635
3224,0.2045856448739298
3225,0.8487073720725028
3226,0.049489480319452994
3227,0.6949581495523691
3228,1.0023194021291404
3229,1.8639892075921791
3230,0.03817239527100183
3231,1.2484850446018747
3232,0.12815972625782618
3233,0.3121815497865446
3234,0.3526175059453615
3235,0.19760448621993498
3236,1.1817825364826058
3237,4.731712593627405
3238,1.6448781222700117
3239,0.06508263231891626
3240,3.050713261224373
3241,2.717974278990276
3242,4.22499605589144
3243,0.7019027564849502
3244,0.8278488160898972
3245,0.4345664204191261
3246,0.6218546652720071
3247,1.1652440493575797
3248,0.06121024231332683
3249,0.3510544218038967
3250,1.4634183779418408
3251,0.2844838469804622
3252,0.22305764736626552
3253,0.8427090116035083
3254,0.43891041201419834
3255,0.18407192754385818
3256,1.4765972213801433
3257,0.507333651014609
3258,0.27682791562127274
3259,0.3556260198812331
3260,1.3458583703659104
3261,0.13350336655454714
3262,0.06692755558852295
3263,0.27480021932748155
3264,0.58369295752696
3265,0.5015786936985497
3266,0.6456179752291494
3267,0.5541214639668833
3268,0.3713687164050293
3269,0.02269857479944601
3270,1.4800759660245553
3271,3.35065119943359
3272,1.1780411115318457
3273,0.1673369052811815
3274,1.7142000890179636
3275,0.07131993617354603
3276,1.2215349273482603
3277,1.025037379874208
3278,0.12251469977275564
3279,0.5065913175016674
3280,1.5336151190185567
3281,1.8591677192255975
3282,1.1118975700158502
3283,1.0582180527832385
3284,1.8015200353304293
3285,0.677614344883449
3286,3.4042750907060935
3287,1.8033098261198395
3288,0.07072930655498777
3289,0.3928134105846271
3290,0.39917043095596183
3291,0.03272617490117764
3292,0.20905203167698583
3293,0.018564968523473654
3294,0.5755524179592744
3295,1.7004334159251593
3296,0.5980787648671904
3297,0.14601232008166
3298,0.5531470426585512
3299,0.4181575137892897
3300,1.2824064718307353
3301,0.05745348163625829
3302,0.364028131690102
3303,0.9235135189833416
3304,0.8552914380411598
3305,0.8322725831041116
3306,0.36600813262832804
3307,1.1101635880631462
3308,0.5750715238374322
3309,2.9421656012720896
3310,1.311081396531465
3311,0.0877149765901382
3312,2.176777387915557
3313,2.097915874300432
3314,0.27111683557956334
3315,0.160675010457015
3316,2.326274086432048
3317,3.742778635242924
3318,1.2723521982209811
3319,0.5022640641917198
3320,1.6008703968322828
3321,0.8904832277382636
3322,0.1220099019372363
3323,0.5173507844162979
3324,1.6448401151672443
3325,1.53371365421491
3326,1.537445046180586
3327,0.34884659551832353
3328,0.36808818957046513
3329,0.9833995917139338
3330,1.3450197592485515
3331,0.423888234016189
3332,0.01550793028185847
3333,0.9084789658672164
3334,0.265742401681087
3335,0.048767696582352624
3336,0.0764633861777897
3337,0.08922894597046209
3338,1.9674165272210953
3339,0.5461211601466871
3340,0.8703027717944255
3341,0.7988756151357658
3342,0.2931991274660709
3343,0.2936139078870048
3344,0.01663509907523099
3345,0.7521936778441434
3346,0.13887413779293734
3347,1.5303592738753091
3348,1.0157445735694897
3349,2.9514727284822486
3350,1.5891461728422045
3351,0.2790742357908993
3352,0.3536242690481748
3353,2.7593520403617116
3354,2.7031716542102853
3355,0.44694129117788295
3356,0.45296505470518794
3357,1.2264700542688043
3358,0.011255958025933682
3359,0.5977201551104088
3360,1.3166773648647503
3361,0.026446562201496368
3362,0.05524739404318421
3363,1.1604637715539827
3364,0.012523496844148885
3365,2.3234547185202286
3366,0.16387380811601376
3367,1.882039970310738
3368,0.7885785311121126
3369,1.9022965075979656
3370,2.366130879443954
3371,0.15001045667929908
3372,3.180505829422836
3373,3.323616683397527
3374,0.5652821217148826
3375,0.8677974287644393
3376,2.3467419566426706
3377,1.1026936065193913
3378,1.389025504489568
3379,0.17085982851915035
3380,0.08983488107741541
3381,0.7578551931548342
3382,0.9639990764059749
3383,0.03429279329986684
3384,2.156574589939468
3385,1.2854838403154825
3386,0.3597971640706032
3387,2.032670308484286
3388,0.7828287872186822
3389,0.6559083713551119
3390,1.1210681515451497
3391,4.581331760728414
3392,1.3683716493837865
3393,0.2837002243513311
3394,1.5373194857717754
3395,0.9234216130652753
3396,0.5597302453107726
3397,2.299506611638206
3398,2.250126458664188
3399,0.8076454003822604
3400,0.8463374956580781
3401,1.0148191519950691
3402,0.4127121850134924
3403,0.2713585496391033
3404,3.2991979483579352
3405,0.3354058647971092
3406,0.36950315735272676
3407,1.3118983950909364
3408,0.45853301981878086
3409,1.0434618631243098
3410,0.009667544577289619
3411,0.11078964975289694
3412,0.3626876271801373
3413,1.0247359297814405
3414,0.3294610612609884
3415,1.2125084198215483
3416,0.615807742826637
3417,0.9104827301943326
3418,0.4234923360260625
3419,1.5260133253885302
3420,0.27763382893505395
3421,1.4303642989855474
3422,1.520447507221248
3423,0.28315133111019253
3424,0.20710868849083233
3425,0.8426359895988227
3426,0.3469922278923157
3427,1.0101315096112309
3428,0.979298265151813
3429,2.4820598510383713
3430,0.08441299025167746
3431,0.10442806982130179
3432,0.6074273058412475
3433,5.403157919704603
3434,0.3594927263811174
3435,2.35111156151382
3436,0.5669816039016916
3437,0.32258396889598934
3438,1.796615049874643
3439,1.7733135321500963
3440,0.35225594878439
3441,3.6966074385925167
3442,1.4638439697307575
3443,0.2548965147288
3444,0.7974364653023259
3445,0.5813601804187598
3446,0.5684301034298543
3447,0.9547091388846014
3448,0.63098918745298
3449,0.9630588582938833
3450,1.002240536820679
3451,1.8089554009928894
3452,0.3557860931650835
3453,2.078141349295867
3454,1.675505189878113
3455,0.15257008266520805
3456,1.0457003575520947
3457,2.6308465125217544
3458,0.6352383237778942
3459,0.20008695859343373
3460,0.22174912338031133
3461,1.2719498319347933
3462,0.5218688549360825
3463,3.677140221076609
3464,3.3417504056006138
3465,1.393296492248711
3466,0.24310548656294473
3467,0.914953047737167
3468,0.6908250154429554
3469,2.6830383738688637
3470,0.24878044832775206
3471,0.3968787770468056
3472,0.39904137417820357
3473,2.5346957184686603
3474,1.9801057073368127
3475,0.5077763808821167
3476,3.668238201836299
3477,0.8844360015965009
3478,0.8308351840706608
3479,0.11994868772325816
3480,0.573965381087896
3481,1.8745471807972454
3482,1.1297651740727035
3483,0.429079197708518
3484,2.151156822669222
3485,4.667709861998244
3486,1.4174218898725746
3487,0.051275363974946926
3488,1.985465109376826
3489,1.9579362166974772
3490,0.7632533981293863
3491,2.3134895367290467
3492,0.41752092564098175
3493,1.0509590745715989
3494,0.16676412804770474
3495,0.3777500459650213
3496,2.426103547651998
3497,0.19885070523994253
3498,0.4944538018308265
3499,0.3648945651708153
3500,2.3637265300441412
3501,0.5926756471465927
3502,0.5322232862475204
3503,0.3943213508876131
3504,1.3757250530246656
3505,0.2742558669192631
3506,0.06657022233352498
3507,0.7086544916525579
3508,0.2611016014184524
3509,1.5318090836848666
3510,0.43966743066563874
3511,1.4902204769423424
3512,1.7955854727759661
3513,0.020371080600076807
3514,0.40912586735199147
3515,0.8153942262171046
3516,0.06698560610360316
3517,1.6979999124931457
3518,1.0997107532920278
3519,1.7200551014150744
3520,0.14213107226203123
3521,2.259349678395946
3522,1.1157176786470582
3523,3.810303818267103
3524,0.34270847281760336
3525,0.7466634483108389
3526,0.49958951176672883
3527,1.3369930551263707
3528,0.9780403050418447
3529,0.024165358796817943
3530,4.015863671146752
3531,0.2479640829631493
3532,1.2535462728321711
3533,0.680359546075024
3534,0.14893370007607262
3535,0.14840793276976286
3536,0.06921176342370194
3537,0.1750120701980034
3538,0.89474525823721
3539,3.8153744583202447
3540,0.5386892525062179
3541,0.6191149519535408
3542,8.886704561985217
3543,1.3485220947667178
3544,0.2763081962069278
3545,0.24012712629784036
3546,0.10099154018418552
3547,0.38163877021560766
3548,0.7161267380197802
3549,0.09910054557315198
3550,0.595243601058718
3551,1.553690045921144
3552,1.192989473578814
3553,1.6034860900808807
3554,1.9041776769099936
3555,0.29267398545511736
3556,0.8971193090546993
3557,0.06627681649359668
3558,0.9994964916095139
3559,0.8692374777789417
3560,2.0548466991497256
3561,0.1778039549739372
3562,0.8202590389579946
3563,0.05595164815491169
3564,0.029790162008491113
3565,0.5703811496942471
3566,1.909342624703504
3567,0.5517435943199314
3568,1.4629905667480467
3569,1.1785144099881215
3570,0.40393060538537356
3571,0.26826425008583565
3572,0.4918846942753394
3573,1.4133763425772303
3574,1.2097299601110858
3575,1.1289367572522158
3576,1.3241279236054195
3577,2.3931313974987
3578,1.7216574839326715
3579,1.427663534922097
3580,0.19116305519035984
3581,1.567203304356577
3582,1.5066239250009763
3583,3.3302659676243
3584,0.3571649580679144
3585,0.01202941027825408
3586,0.2499403668256647
3587,0.5451794861264929
3588,0.09039436867223674
3589,0.03501117979215815
3590,0.321114882650788
3591,0.0034106877929937305
3592,0.5988392864456689
3593,0.6457264950263019
3594,0.2856643492086716
3595,0.08754331103413124
3596,0.20002261643991037
3597,1.1133725937013572
3598,1.433562333143223
3599,0.7421429856606875
3600,0.962770506696853
3601,0.6883188878538286
3602,1.3422944655922284
3603,0.13506611162689197
3604,0.9395772492072805
3605,0.3627792240028404
3606,0.03099314177002571
3607,6.3997176491513885
3608,2.0499662148930713
3609,0.7349908160575159
3610,0.9323939677065596
3611,0.048255440161606454
3612,0.07318164110834152
3613,0.12143147277202213
3614,0.24648424421931395
3615,0.5868826737480932
3616,0.15275379819493876
3617,0.05919305037679355
3618,0.38712925682993105
3619,0.5824397526714118
3620,2.9596247250393874
3621,1.1144665576664516
3622,0.23012943736052022
3623,2.226273150046102
3624,4.970020159465999
3625,1.0529409561512109
3626,1.3949845010522588
3627,1.2237172860010805
3628,0.48471088706000054
3629,0.16656238226657527
3630,1.114455091565976
3631,3.2201911513742
3632,0.31815653808403
3633,0.4538847912258641
3634,1.920066699677012
3635,3.101473412311715
3636,0.08644075480693378
3637,1.1462696437913658
3638,2.06773859308483
3639,0.07815281359059521
3640,0.14490725716475086
3641,0.36919570196015056
3642,1.5051914214346558
3643,3.3136199334686602
3644,0.2958184197955798
3645,1.4910480395248045
3646,0.45852018344098006
3647,0.15033847655050384
3648,0.5132892677638327
3649,0.8692159852816757
3650,0.7197432550265912
3651,1.870155178242629
3652,0.1714097083455566
3653,0.28950808968929126
3654,0.3105158667902709
3655,0.1859894443995403
3656,0.8110226469881805
3657,4.1375936322916775
3658,0.7024874076970234
3659,0.03829765244357253
3660,1.2838742234160858
3661,0.7473797243959425
3662,0.6705340338641163
3663,0.7208829986125953
3664,2.5146360106490633
3665,1.0699829641193968
3666,0.1417688892293923
3667,1.2986259176302908
3668,0.5201108877020136
3669,0.05134448237546439
3670,2.541674618618785
3671,0.5714525386417327
3672,0.275389566212092
3673,1.1115366306425198
3674,0.12400908247671678
3675,0.14856462514665328
3676,1.96819948999025
3677,0.3725069092412537
3678,0.2430368825402658
3679,0.15402998272026294
3680,0.18401141806499643
3681,0.7142287278510415
3682,0.4953886588896291
3683,0.24923696371841997
3684,0.6583204620880869
3685,3.1407839092866072
3686,0.702559058690708
3687,0.5515263758204769
3688,1.5094452733140558
3689,1.3183395919994285
3690,0.5722390018299678
3691,0.8569664418732474
3692,0.4937102978450985
3693,2.03600284554002
3694,2.7493820106673192
3695,0.07150815581309478
3696,3.0825487768716022
3697,1.3350558127040983
3698,0.33240643144943327
3699,0.2351498777342224
3700,0.4456732046891719
3701,1.436299550577367
3702,0.8028693975872517
3703,0.02726268953316579
3704,0.41514673702212246
3705,0.18471444261054615
3706,0.8675401571572446
3707,0.9602028750540073
3708,0.3450602371745647
3709,1.108848937795124
3710,1.1078441627569808
3711,0.38578774203996785
3712,0.6649663459622496
3713,2.337877870389973
3714,0.04292957266059734
3715,0.08743574858358615
3716,1.1369127416944824
3717,2.5956606419016066
3718,0.4980309382224276
3719,1.5619483524711022
3720,1.3081878781043645
3721,1.0436526556890358
3722,0.18591381343743954
3723,1.1734907505644165
3724,0.2146645839413952
3725,0.044014020865193404
3726,1.5776971878636152
3727,0.43650782844426284
3728,0.6131618436376906
3729,2.3933202845433774
3730,4.760116711905855
3731,0.08542653177173097
3732,0.10166475497842661
3733,0.11404519345379541
3734,1.5604876247673374
3735,0.3486826883933072
3736,1.950887482006911
3737,0.33287350175893954
3738,1.1910100406555852
3739,0.6533443873348581
3740,0.4424826588653479
3741,1.2548852597361224
3742,0.6360074946748437
3743,0.22883046787056777
3744,2.1424139529379405
3745,1.1768973409756407
3746,1.459387186682211
3747,0.4376683489784614
3748,0.22316669639985512
3749,2.2905352374338706
3750,0.16136026415718457
3751,2.445846793772355
3752,0.5765996801549883
3753,0.8412484011812486
3754,1.0424399094673988
3755,1.5756254541062948
3756,4.704892076618292
3757,1.714597793121186
3758,1.1548608856837055
3759,1.1288331615594267
3760,1.1408970037862036
3761,1.2586617407716885
3762,0.16391709539971655
3763,0.7163390613912589
3764,0.19071004769651606
3765,1.744567612658733
3766,0.8560290630603993
3767,0.26166871088169785
3768,0.577369730294762
3769,1.3125024330800592
3770,1.515339751175924
3771,0.9893201828556016
3772,0.08211680185285958
3773,3.8597841352298943
3774,0.0551482631041169
3775,1.6216618717534985
3776,0.9425034453250267
3777,0.7960672961329592
3778,0.2201754914866735
3779,3.6063721885874886
3780,0.5675184766173724
3781,0.06294935111863595
3782,6.650227722761088
3783,2.1142150654335183
3784,1.1974225045185776
3785,1.0552146107765787
3786,0.019149788565877665
3787,0.598621490240572
3788,0.005686381007700424
3789,0.15114896687590437
3790,1.9653828885829692
3791,2.5590123457120866
3792,0.1019492611947078
3793,0.1308839166382098
3794,2.5052082059554377
3795,2.777104947384819
3796,0.3392417069526932
3797,0.29789196811836793
3798,0.15657215622584753
3799,0.042576798196569225
3800,0.6913904493717961
3801,0.2185579177572617
3802,0.08159926158986743
3803,0.0870955615958947
3804,1.5075740891170726
3805,0.05130338284902322
3806,0.5170034725923338
3807,0.1488357661170161
3808,7.165531342744576
3809,3.313607615778734
3810,0.29423143198253143
3811,0.7622084639224754
3812,1.626710242757504
3813,0.7932031446747856
3814,2.788907554479338
3815,0.03913159405874063
3816,4.115923638132039
3817,2.0751638300438584
3818,1.1441464539583135
3819,0.012642184160857009
3820,1.5586272185374612
3821,4.0250638407466806
3822,1.7317709224662952
3823,0.292781660529947
3824,2.6011493087672504
3825,0.7303474869359855
3826,0.025352101881396045
3827,0.832982169897046
3828,0.3584048653585204
3829,0.49478284679536794
3830,1.5304630788779816
3831,0.2194529723250419
3832,2.0543076218835656
3833,0.19183054995158705
3834,1.0840124322099196
3835,0.09886234641317587
3836,0.6572321062514078
3837,1.0144515422901734
3838,1.918410499675443
3839,0.30128216502652677
3840,2.2154014747829223
3841,0.11353088610665213
3842,1.2856161576759737
3843,0.07997016124069875
3844,0.16755136430150067
3845,0.4279127180903708
3846,1.4852136996743397
3847,0.44712502850365293
3848,0.5638074790293588
3849,1.2156329400132762
3850,0.07552215899974454
3851,3.1178934480618006
3852,1.0222637620302006
3853,0.19608012096255736
3854,1.2792267893473557
3855,0.25963767888232786
3856,1.3496134004452647
3857,0.040504511294150156
3858,2.434065247034464
3859,1.3577990823456703
3860,0.9505667642995924
3861,0.7367805181579772
3862,0.4522902208497446
3863,0.14067232759065135
3864,0.12222032995814328
3865,1.8142804570361302
3866,1.4147085498935486
3867,1.1840470572151478
3868,0.23022248934687345
3869,0.9723526970280305
3870,0.9110892976263778
3871,1.986138102219891
3872,1.165581614555715
3873,0.6196906172806403
3874,0.14178128683417418
3875,0.15543368425837278
3876,2.340157389730628
3877,1.2854465598533857
3878,0.0791762450394927
3879,1.0413570749380237
3880,0.37953034767011345
3881,1.153015838719596
3882,0.8615332618889351
3883,0.16863144519161588
3884,0.375493571685635
3885,0.4720780782402112
3886,6.823884308680853
3887,1.081844637090532
3888,0.08561839027771138
3889,0.3332782323027871
3890,3.1652750696003866
3891,0.7367441576881767
3892,0.29050957159488067
3893,0.18881699929410578
3894,1.0192063353903897
3895,0.6644285782400103
3896,0.46233846057689515
3897,0.9293826516505764
3898,0.5791918714657446
3899,0.9042392780053174
3900,1.2359621153386744
3901,2.0461196042813308
3902,0.23772439072691215
3903,0.1631929079688848
3904,1.290835796881098
3905,0.8189432540848217
3906,0.19746000603056887
3907,1.877017036094282
3908,0.42287123408324656
3909,3.125513863375058
3910,0.9525208834374249
3911,6.024818947175373
3912,0.17782326976777085
3913,0.790496716775296
3914,0.4461585945508163
3915,0.37669720838579546
3916,0.5689956298613634
3917,1.5541662368062659
3918,0.020051644400716703
3919,0.3685221604767173
3920,0.8204344191208752
3921,0.2391646072792903
3922,0.18302802630415432
3923,0.9782017435037224
3924,1.393409123222772
3925,0.0406735091614872
3926,1.964427640846265
3927,0.9044318193304168
3928,0.36501112254309925
3929,0.8160725391130839
3930,1.147428586213517
3931,0.07003836828823637
3932,1.1339548907993735
3933,0.05859094036474538
3934,0.8284673387137345
3935,2.107426100311534
3936,1.4365822107169042
3937,1.481718768995052
3938,0.9521818873037563
3939,0.46084734556435303
3940,0.19580354143520456
3941,0.3755661770026719
3942,0.32549763541669857
3943,0.6102701128583954
3944,0.03169172739969364
3945,0.13330215320405747
3946,1.1599384249048272
3947,0.9280772608982841
3948,4.559168630470068
3949,0.4803039562369493
3950,1.5482267227614666
3951,1.4596011185146494
3952,1.863240706318267
3953,0.869248020103043
3954,0.019750492936795858
3955,0.27784009984297897
3956,0.46971457992345034
3957,3.2868015560021364
3958,1.632537739239908
3959,0.8674861166307217
3960,0.7534201421097746
3961,0.2450457778539668
3962,0.7218786871111662
3963,1.8478383097681246
3964,0.8346531744301379
3965,0.7643511634237289
3966,0.25077939789644205
3967,0.3985592127070649
3968,2.1482731447954047
3969,0.6380073943283209
3970,4.0145323783622215
3971,1.153139310858533
3972,0.14391524129258454
3973,0.48724823334211886
3974,0.299013428744744
3975,1.8955555498413452
3976,1.0831799073705217
3977,0.9343324511630068
3978,0.7097687154979746
3979,3.426499613922005
3980,0.22705293356588385
3981,2.651553132832033
3982,0.5211890678558067
3983,0.7238416854560696
3984,1.0278686961091523
3985,1.0956915093763355
3986,0.11770939581724543
3987,1.119907855606638
3988,0.7840619590890103
3989,2.7301156665854767
3990,0.2329344930382491
3991,1.2604016585862206
3992,0.6006747818085986
3993,1.3565763043366736
3994,0.5703269701963437
3995,0.6807722780110819
3996,0.3869917545833628
3997,0.5310732135540924
3998,1.0253676758337393
3999,0.130410740924096
